game_id,date,team_name,games_played,wins,losses,ties,points,goals_for,goals_against,goal_diff,gaa,gpg,team_id
13244,2021-03-03,Canada,1,1,0,0,2,5,4,1,4.0,5.0,N10012
13244,2021-03-03,Orphans,1,0,1,0,0,4,5,-1,5.0,4.0,N10006
13241,2021-10-02,Platinum,1,1,0,0,2,6,3,3,3.0,6.0,N10008
13241,2021-10-02,Triple J,1,0,1,0,0,3,6,-3,6.0,3.0,N10009
13242,2021-10-03,Amos,1,1,0,0,2,10,3,7,3.0,10.0,N10001
13243,2021-10-03,HollowBrook,1,0,1,0,0,5,9,-4,9.0,5.0,N10003
13242,2021-10-03,Nelson,1,0,1,0,0,3,10,-7,10.0,3.0,N10004
13243,2021-10-03,OS Offices,1,1,0,0,2,9,5,4,5.0,9.0,N10005
13425,2021-10-10,Nelson,2,0,2,0,0,5,15,-10,7.5,2.5,N10004
13423,2021-10-10,OS Offices,2,2,0,0,4,13,8,5,4.0,6.5,N10005
13423,2021-10-10,Platinum,2,1,1,0,2,9,7,2,3.5,4.5,N10008
13425,2021-10-10,Triple J,2,1,1,0,2,8,8,0,4.0,4.0,N10009
13426,2021-10-17,Amos,2,1,1,0,2,15,11,4,5.5,7.5,N10001
10004,2021-10-17,Amos,3,2,1,0,4,24,14,10,4.67,8.0,N10001
13424,2021-10-17,Canada,2,1,1,0,2,6,18,-12,9.0,3.0,N10012
10004,2021-10-17,Canada,3,1,2,0,2,9,27,-18,9.0,3.0,N10012
13424,2021-10-17,HollowBrook,2,1,1,0,2,19,10,9,5.0,9.5,N10003
13426,2021-10-17,Orphans,2,1,1,0,2,12,10,2,5.0,6.0,N10006
13428,2021-10-17,Orphans,3,2,1,0,4,19,12,7,4.0,6.33,N10006
13428,2021-10-17,Triple J,3,1,2,0,2,10,15,-5,5.0,3.33,N10009
13432,2021-10-24,Canada,4,1,3,0,2,14,33,-19,8.25,3.5,N10012
13427,2021-10-24,HollowBrook,3,2,1,0,4,25,13,12,4.33,8.33,N10003
13430,2021-10-24,Nelson,3,1,2,0,2,8,16,-8,5.33,2.67,N10004
13431,2021-10-24,OS Offices,3,2,1,0,4,17,14,3,4.67,5.67,N10005
13430,2021-10-24,OS Offices,4,2,2,0,4,18,17,1,4.25,4.5,N10005
13431,2021-10-24,Orphans,4,3,1,0,6,25,16,9,4.0,6.25,N10006
13427,2021-10-24,Platinum,3,1,2,0,2,12,13,-1,4.33,4.0,N10008
13432,2021-10-24,Platinum,4,2,2,0,4,18,18,0,4.5,4.5,N10008
13437,2021-10-31,Canada,5,1,4,0,2,16,39,-23,7.8,3.2,N10012
13433,2021-10-31,HollowBrook,4,3,1,0,6,36,14,22,3.5,9.0,N10003
13438,2021-10-31,Nelson,4,1,3,0,2,14,26,-12,6.5,3.5,N10004
13433,2021-10-31,Nelson,5,1,4,0,2,15,37,-22,7.4,3.0,N10004
13438,2021-10-31,Platinum,5,3,2,0,6,28,24,4,4.8,5.6,N10008
13437,2021-10-31,Triple J,4,2,2,0,4,16,17,-1,4.25,4.0,N10009
13434,2021-11-07,Amos,4,3,1,0,6,33,22,11,5.5,8.25,N10001
13439,2021-11-07,Amos,5,4,1,0,8,41,29,12,5.8,8.2,N10001
13439,2021-11-07,HollowBrook,5,3,2,0,6,43,22,21,4.4,8.6,N10003
13440,2021-11-07,OS Offices,5,3,2,0,6,23,20,3,4.0,4.6,N10005
13441,2021-11-07,Orphans,5,3,2,0,6,30,26,4,5.2,6.0,N10006
13441,2021-11-07,Platinum,6,4,2,0,8,38,29,9,4.83,6.33,N10008
13434,2021-11-07,Triple J,5,2,3,0,4,24,26,-2,5.2,4.8,N10009
13440,2021-11-07,Triple J,6,2,4,0,4,27,31,-4,5.17,4.5,N10009
13442,2021-11-14,Canada,6,1,5,0,2,20,45,-25,7.5,3.33,N10012
13435,2021-11-14,HollowBrook,6,4,2,0,8,55,25,30,4.17,9.17,N10003
13446,2021-11-14,HollowBrook,7,5,2,0,10,69,28,41,4.0,9.86,N10003
13442,2021-11-14,Nelson,6,2,4,0,4,21,41,-20,6.83,3.5,N10004
13435,2021-11-14,Orphans,6,3,3,0,6,33,38,-5,6.33,5.5,N10006
13446,2021-11-14,Triple J,7,2,5,0,4,30,45,-15,6.43,4.29,N10009
13436,2021-11-21,Amos,6,4,2,0,8,45,34,11,5.67,7.5,N10001
13447,2021-11-21,Amos,7,5,2,0,10,51,36,15,5.14,7.29,N10001
13449,2021-11-21,Canada,7,1,6,0,2,22,51,-29,7.29,3.14,N10012
13443,2021-11-21,Canada,8,1,7,0,2,23,60,-37,7.5,2.88,N10012
13447,2021-11-21,Nelson,7,2,5,0,4,23,47,-24,6.71,3.29,N10004
13436,2021-11-21,OS Offices,6,4,2,0,8,28,24,4,4.0,4.67,N10005
13443,2021-11-21,OS Offices,7,5,2,0,10,37,25,12,3.57,5.29,N10005
13449,2021-11-21,Orphans,7,4,3,0,8,39,40,-1,5.71,5.57,N10006
13450,2021-11-21,Platinum,7,5,2,0,10,46,33,13,4.71,6.57,N10008
13450,2021-11-21,Triple J,8,2,6,0,4,34,53,-19,6.62,4.25,N10009
13448,2021-11-28,HollowBrook,8,6,2,0,12,77,31,46,3.88,9.62,N10003
13444,2021-11-28,Nelson,8,2,6,0,4,23,56,-33,7.0,2.88,N10004
13448,2021-11-28,OS Offices,8,5,3,0,10,40,33,7,4.12,5.0,N10005
13444,2021-11-28,Orphans,8,5,3,0,10,48,40,8,5.0,6.0,N10006
13445,2021-12-05,Amos,8,6,2,0,12,57,40,17,5.0,7.12,N10001
13451,2021-12-05,Canada,9,1,8,0,2,27,69,-42,7.67,3.0,N10012
13451,2021-12-05,HollowBrook,9,7,2,0,14,86,35,51,3.89,9.56,N10003
13452,2021-12-05,Nelson,9,3,6,0,6,27,57,-30,6.33,3.0,N10004
13453,2021-12-05,OS Offices,9,6,3,0,12,45,36,9,4.0,5.0,N10005
13445,2021-12-05,Platinum,8,5,3,0,10,50,39,11,4.88,6.25,N10008
13453,2021-12-05,Platinum,9,5,4,0,10,53,44,9,4.89,5.89,N10008
13452,2021-12-05,Triple J,9,2,7,0,4,35,57,-22,6.33,3.89,N10009
13456,2021-12-12,Amos,9,6,3,0,12,59,43,16,4.78,6.56,N10001
13454,2021-12-12,Amos,10,7,3,0,14,66,47,19,4.7,6.6,N10001
13456,2021-12-12,Canada,10,2,8,0,4,30,71,-41,7.1,3.0,N10012
13457,2021-12-12,Orphans,9,6,3,0,12,56,42,14,4.67,6.22,N10006
13454,2021-12-12,Orphans,10,6,4,0,12,60,49,11,4.9,6.0,N10006
13457,2021-12-12,Triple J,10,2,8,0,4,37,65,-28,6.5,3.7,N10009
13462,2021-12-19,Canada,11,2,9,0,4,30,80,-50,7.27,2.73,N10012
13455,2021-12-19,HollowBrook,10,7,3,0,14,92,42,50,4.2,9.2,N10003
13458,2021-12-19,Nelson,10,4,6,0,8,30,59,-29,5.9,3.0,N10004
13461,2021-12-19,OS Offices,10,6,4,0,12,46,44,2,4.4,4.6,N10005
13458,2021-12-19,OS Offices,11,6,5,0,12,48,47,1,4.27,4.36,N10005
13461,2021-12-19,Orphans,11,7,4,0,14,68,50,18,4.55,6.18,N10006
13455,2021-12-19,Platinum,10,6,4,0,12,60,50,10,5.0,6.0,N10008
13462,2021-12-19,Platinum,11,7,4,0,14,69,50,19,4.55,6.27,N10008
13459,2021-12-26,Amos,11,8,3,0,16,75,49,26,4.45,6.82,N10001
13459,2021-12-26,Triple J,11,2,9,0,4,39,74,-35,6.73,3.55,N10009
13460,2022-01-02,HollowBrook,11,8,3,0,16,95,43,52,3.91,8.64,N10003
13460,2022-01-02,Nelson,11,4,7,0,8,31,62,-31,5.64,2.82,N10004
13465,2022-01-09,Amos,12,9,3,0,18,80,52,28,4.33,6.67,N10001
13463,2022-01-09,Canada,12,2,10,0,4,32,86,-54,7.17,2.67,N10012
13464,2022-01-09,HollowBrook,12,8,3,1,17,100,48,52,4.0,8.33,N10003
13466,2022-01-09,Nelson,12,4,8,0,8,35,68,-33,5.67,2.92,N10004
13465,2022-01-09,OS Offices,12,6,6,0,12,51,52,-1,4.33,4.25,N10005
13464,2022-01-09,Orphans,12,7,4,1,15,73,55,18,4.58,6.08,N10006
13466,2022-01-09,Platinum,12,8,4,0,16,75,54,21,4.5,6.25,N10008
13463,2022-01-09,Triple J,12,3,9,0,6,45,76,-31,6.33,3.75,N10009
13472,2022-01-23,Amos,13,10,3,0,20,88,57,31,4.38,6.77,N10001
13474,2022-01-23,Canada,13,2,11,0,4,36,94,-58,7.23,2.77,N10012
13473,2022-01-23,HollowBrook,13,9,3,1,19,113,58,55,4.46,8.69,N10003
13471,2022-01-23,Nelson,13,4,9,0,8,37,72,-35,5.54,2.85,N10004
13474,2022-01-23,OS Offices,13,7,6,0,14,59,56,3,4.31,4.54,N10005
13471,2022-01-23,Orphans,13,8,4,1,17,77,57,20,4.38,5.92,N10006
13472,2022-01-23,Platinum,13,8,5,0,16,80,62,18,4.77,6.15,N10008
13473,2022-01-23,Triple J,13,3,10,0,6,55,89,-34,6.85,4.23,N10009
13475,2022-01-30,Amos,14,11,3,0,22,93,59,34,4.21,6.64,N10001
13476,2022-01-30,Canada,14,2,12,0,4,38,104,-66,7.43,2.71,N10012
13475,2022-01-30,Nelson,14,4,10,0,8,39,77,-38,5.5,2.79,N10004
13476,2022-01-30,Orphans,14,9,4,1,19,87,59,28,4.21,6.21,N10006
13477,2022-01-30,Platinum,14,8,6,0,16,84,73,11,5.21,6.0,N10008
13477,2022-01-30,Triple J,14,4,10,0,8,66,93,-27,6.64,4.71,N10009
13478,2022-02-06,HollowBrook,14,10,3,1,21,126,62,64,4.43,9.0,N10003
13479,2022-02-06,Nelson,15,4,11,0,8,40,83,-43,5.53,2.67,N10004
13480,2022-02-06,OS Offices,14,7,7,0,14,65,67,-2,4.79,4.64,N10005
13478,2022-02-06,OS Offices,15,7,8,0,14,69,80,-11,5.33,4.6,N10005
13480,2022-02-06,Platinum,15,9,6,0,18,95,79,16,5.27,6.33,N10008
13479,2022-02-06,Triple J,15,5,10,0,10,72,94,-22,6.27,4.8,N10009
13481,2022-02-13,Amos,15,11,4,0,22,97,66,31,4.4,6.47,N10001
13486,2022-02-13,Orphans,15,10,4,1,21,92,63,29,4.2,6.13,N10006
13481,2022-02-13,Orphans,16,11,4,1,23,99,67,32,4.19,6.19,N10006
13486,2022-02-13,Triple J,16,5,11,0,10,76,99,-23,6.19,4.75,N10009
13482,2022-02-20,Canada,15,2,13,0,4,39,112,-73,7.47,2.6,N10012
13482,2022-02-20,HollowBrook,15,11,3,1,23,134,63,71,4.2,8.93,N10003
13487,2022-02-20,Nelson,16,4,12,0,8,43,88,-45,5.5,2.69,N10004
13490,2022-02-20,OS Offices,16,7,9,0,14,73,87,-14,5.44,4.56,N10005
13490,2022-02-20,Orphans,17,12,4,1,25,106,71,35,4.18,6.24,N10006
13487,2022-02-20,Platinum,16,10,6,0,20,100,82,18,5.12,6.25,N10008
13484,2022-02-27,Amos,16,12,4,0,24,105,68,37,4.25,6.56,N10001
13492,2022-02-27,Canada,16,2,14,0,4,46,122,-76,7.62,2.88,N10012
13488,2022-02-27,HollowBrook,16,12,3,1,25,141,69,72,4.31,8.81,N10003
13484,2022-02-27,OS Offices,17,7,10,0,14,75,95,-20,5.59,4.41,N10005
13491,2022-02-27,OS Offices,18,7,11,0,14,80,102,-22,5.67,4.44,N10005
13491,2022-02-27,Orphans,18,13,4,1,27,113,76,37,4.22,6.28,N10006
13492,2022-02-27,Triple J,17,6,11,0,12,86,106,-20,6.24,5.06,N10009
13488,2022-02-27,Triple J,18,6,12,0,12,92,113,-21,6.28,5.11,N10009
13489,2022-03-06,Amos,17,13,4,0,26,113,72,41,4.24,6.65,N10001
13496,2022-03-06,Canada,17,2,15,0,4,51,131,-80,7.71,3.0,N10012
13489,2022-03-06,Canada,18,2,16,0,4,55,139,-84,7.72,3.06,N10012
13493,2022-03-06,HollowBrook,17,13,3,1,27,147,74,73,4.35,8.65,N10003
13485,2022-03-06,HollowBrook,18,14,3,1,29,154,80,74,4.44,8.56,N10003
13493,2022-03-06,Nelson,17,4,13,0,8,48,94,-46,5.53,2.82,N10004
13496,2022-03-06,Orphans,19,14,4,1,29,122,81,41,4.26,6.42,N10006
13485,2022-03-06,Platinum,17,10,7,0,20,106,89,17,5.24,6.24,N10008
13497,2022-03-06,Platinum,18,10,7,1,21,115,98,17,5.44,6.39,N10008
13497,2022-03-06,Triple J,19,6,12,1,13,101,122,-21,6.42,5.32,N10009
13494,2022-03-13,Amos,18,13,5,0,26,116,79,37,4.39,6.44,N10001
13498,2022-03-13,HollowBrook,19,14,4,1,29,158,86,72,4.53,8.32,N10003
13498,2022-03-13,OS Offices,19,8,11,0,16,86,106,-20,5.58,4.53,N10005
13494,2022-03-13,Platinum,19,11,7,1,23,122,101,21,5.32,6.42,N10008
13495,2022-03-20,Amos,19,13,5,1,27,120,83,37,4.37,6.32,N10001
10005,2022-03-20,Amos,20,13,5,2,28,126,89,37,4.45,6.3,N10001
10053,2022-03-20,Canada,19,2,17,0,4,61,148,-87,7.79,3.21,N10012
10020,2022-03-20,HollowBrook,20,14,5,1,29,161,92,69,4.6,8.05,N10003
13495,2022-03-20,Nelson,18,4,13,1,9,52,98,-46,5.44,2.89,N10004
10037,2022-03-20,Nelson,19,4,14,1,9,53,105,-52,5.53,2.79,N10004
10037,2022-03-20,OS Offices,20,9,11,0,18,93,107,-14,5.35,4.65,N10005
10020,2022-03-20,Orphans,20,15,4,1,31,128,84,44,4.2,6.4,N10006
10053,2022-03-20,Platinum,20,12,7,1,25,131,107,24,5.35,6.55,N10008
10005,2022-03-20,Triple J,20,6,12,2,14,107,128,-21,6.4,5.35,N10009
10006,2022-03-27,Amos,21,13,6,2,28,129,96,33,4.57,6.14,N10001
10061,2022-03-27,Canada,20,2,17,1,5,65,152,-87,7.6,3.25,N10012
10006,2022-03-27,HollowBrook,21,15,5,1,31,168,95,73,4.52,8.0,N10003
10038,2022-03-27,Nelson,20,4,15,1,9,54,110,-56,5.5,2.7,N10004
10047,2022-03-27,OS Offices,21,9,12,0,18,95,113,-18,5.38,4.52,N10005
10061,2022-03-27,Orphans,21,15,4,2,32,132,88,44,4.19,6.29,N10006
10038,2022-03-27,Platinum,21,13,7,1,27,136,108,28,5.14,6.48,N10008
10047,2022-03-27,Triple J,21,7,12,2,16,113,130,-17,6.19,5.38,N10009
10007,2022-04-03,Amos,22,13,7,2,28,132,103,29,4.68,6.0,N10001
10021,2022-04-03,Canada,21,2,18,1,5,67,160,-93,7.62,3.19,N10012
10021,2022-04-03,HollowBrook,22,16,5,1,33,176,97,79,4.41,8.0,N10003
10039,2022-04-03,Nelson,21,4,16,1,9,57,117,-60,5.57,2.71,N10004
10048,2022-04-03,OS Offices,22,9,12,1,19,97,115,-18,5.23,4.41,N10005
10039,2022-04-03,Orphans,22,16,4,2,34,139,91,48,4.14,6.32,N10006
10048,2022-04-03,Platinum,22,13,7,2,28,138,110,28,5.0,6.27,N10008
10007,2022-04-03,Triple J,22,8,12,2,18,120,133,-13,6.05,5.45,N10009
10008,2022-04-10,Amos,23,13,8,2,28,134,108,26,4.7,5.83,N10001
10040,2022-04-10,Canada,22,2,18,2,6,71,164,-93,7.45,3.23,N10012
10022,2022-04-10,HollowBrook,23,17,5,1,35,183,99,84,4.3,7.96,N10003
10040,2022-04-10,Nelson,22,4,16,2,10,61,121,-60,5.5,2.77,N10004
10049,2022-04-10,OS Offices,23,9,13,1,19,98,120,-22,5.22,4.26,N10005
10022,2022-04-10,Orphans,23,16,5,2,34,141,98,43,4.26,6.13,N10006
10008,2022-04-10,Platinum,23,14,7,2,30,143,112,31,4.87,6.22,N10008
10049,2022-04-10,Triple J,23,9,12,2,20,125,134,-9,5.83,5.43,N10009
10009,2022-04-17,Amos,24,13,9,2,28,136,115,21,4.79,5.67,N10001
10062,2022-04-17,Canada,23,3,18,2,8,76,166,-90,7.22,3.3,N10012
10023,2022-04-17,HollowBrook,24,18,5,1,37,194,103,91,4.29,8.08,N10003
10023,2022-04-17,Nelson,23,4,17,2,10,65,132,-67,5.74,2.83,N10004
10009,2022-04-17,OS Offices,24,10,13,1,21,105,122,-17,5.08,4.38,N10005
10062,2022-04-17,Orphans,24,16,6,2,34,143,103,40,4.29,5.96,N10006
10054,2022-04-17,Platinum,24,15,7,2,32,150,116,34,4.83,6.25,N10008
10054,2022-04-17,Triple J,24,9,13,2,20,129,141,-12,5.88,5.38,N10009
10055,2022-04-24,Canada,24,3,19,2,8,78,173,-95,7.21,3.25,N10012
10024,2022-04-24,HollowBrook,25,18,6,1,37,197,110,87,4.4,7.88,N10003
10055,2022-04-24,Platinum,25,16,7,2,34,157,118,39,4.72,6.28,N10008
10024,2022-04-24,Triple J,25,10,13,2,22,136,144,-8,5.76,5.44,N10009
10056,2022-05-01,Platinum,26,16,8,2,34,164,126,38,4.85,6.31,N10008
10056,2022-05-01,Triple J,26,11,13,2,24,144,151,-7,5.81,5.54,N10009
14162,2022-08-14,Amos,25,14,9,2,30,143,116,27,4.64,5.72,N10001
14162,2022-08-14,Canada,25,3,20,2,8,79,180,-101,7.2,3.16,N10012
14163,2022-08-14,HollowBrook,26,18,7,1,37,200,116,84,4.46,7.69,N10003
14163,2022-08-14,Nelson,24,5,17,2,12,71,135,-64,5.62,2.96,N10004
14164,2022-08-14,OS Offices,25,11,13,1,23,110,125,-15,5.0,4.4,N10005
14165,2022-08-14,Orphans,25,17,6,2,36,149,107,42,4.28,5.96,N10006
14164,2022-08-14,Platinum,27,16,9,2,34,167,131,36,4.85,6.19,N10008
14165,2022-08-14,Triple J,27,11,14,2,24,148,157,-9,5.81,5.48,N10009
14166,2022-08-21,Amos,26,15,9,2,32,147,116,31,4.46,5.65,N10001
14169,2022-08-21,Canada,26,3,21,2,8,81,185,-104,7.12,3.12,N10012
14166,2022-08-21,Nelson,25,5,18,2,12,71,139,-68,5.56,2.84,N10004
14169,2022-08-21,Triple J,28,12,14,2,26,153,159,-6,5.68,5.46,N10009
15059,2022-08-28,Canada,27,3,22,2,8,82,190,-108,7.04,3.04,N10012
14167,2022-08-28,HollowBrook,27,18,8,1,37,204,122,82,4.52,7.56,N10003
15060,2022-08-28,Nelson,26,5,19,2,12,76,146,-70,5.62,2.92,N10004
15059,2022-08-28,OS Offices,26,12,13,1,25,115,126,-11,4.85,4.42,N10005
14167,2022-08-28,Platinum,28,17,9,2,36,173,135,38,4.82,6.18,N10008
15060,2022-08-28,Triple J,29,13,14,2,28,160,164,-4,5.66,5.52,N10009
15061,2022-09-04,Amos,27,15,10,2,32,151,124,27,4.59,5.59,N10001
14168,2022-09-04,OS Offices,27,12,14,1,25,119,134,-15,4.96,4.41,N10005
14168,2022-09-04,Orphans,26,18,6,2,38,157,111,46,4.27,6.04,N10006
15065,2022-09-04,Platinum,29,18,9,2,38,180,140,40,4.83,6.21,N10008
15061,2022-09-04,Platinum,30,19,9,2,40,188,144,44,4.8,6.27,N10008
15065,2022-09-04,Triple J,30,13,15,2,28,165,171,-6,5.7,5.5,N10009
15066,2022-09-11,Amos,28,15,11,2,32,152,132,20,4.71,5.43,N10001
15069,2022-09-11,Canada,28,3,23,2,8,84,198,-114,7.07,3.0,N10012
15062,2022-09-11,HollowBrook,28,19,8,1,39,211,125,86,4.46,7.54,N10003
15068,2022-09-11,OS Offices,28,13,14,1,27,128,135,-7,4.82,4.57,N10005
15069,2022-09-11,Orphans,27,19,6,2,40,165,113,52,4.19,6.11,N10006
15066,2022-09-11,Orphans,28,20,6,2,42,173,114,59,4.07,6.18,N10006
15062,2022-09-11,Orphans,29,20,7,2,42,176,121,55,4.17,6.07,N10006
15068,2022-09-11,Triple J,31,13,16,2,28,166,180,-14,5.81,5.35,N10009
15067,2022-09-18,Amos,29,15,12,2,32,154,139,15,4.79,5.31,N10001
15063,2022-09-18,Canada,29,3,24,2,8,87,207,-120,7.14,3.0,N10012
15063,2022-09-18,HollowBrook,29,20,8,1,41,220,128,92,4.41,7.59,N10003
15067,2022-09-18,HollowBrook,30,21,8,1,43,227,130,97,4.33,7.57,N10003
15073,2022-09-18,HollowBrook,31,22,8,1,45,239,131,108,4.23,7.71,N10003
15070,2022-09-18,Nelson,27,6,19,2,14,82,148,-66,5.48,3.04,N10004
15070,2022-09-18,Platinum,31,19,10,2,40,190,150,40,4.84,6.13,N10008
15073,2022-09-18,Triple J,32,13,17,2,28,167,192,-25,6.0,5.22,N10009
15071,2022-09-25,Canada,30,3,25,2,8,88,215,-127,7.17,2.93,N10012
15074,2022-09-25,Nelson,28,6,19,3,15,86,152,-66,5.43,3.07,N10004
15064,2022-09-25,Nelson,29,7,19,3,17,94,157,-63,5.41,3.24,N10004
15064,2022-09-25,OS Offices,29,13,15,1,27,133,143,-10,4.93,4.59,N10005
15074,2022-09-25,Orphans,30,20,7,3,43,180,125,55,4.17,6.0,N10006
15075,2022-09-25,Orphans,31,20,7,4,44,186,131,55,4.23,6.0,N10006
15071,2022-09-25,Platinum,32,20,10,2,42,198,151,47,4.72,6.19,N10008
15075,2022-09-25,Platinum,33,20,10,3,43,204,157,47,4.76,6.18,N10008
15072,2022-10-02,Amos,30,16,12,2,34,158,141,17,4.7,5.27,N10001
15076,2022-10-02,Canada,31,3,26,2,8,93,222,-129,7.16,3.0,N10012
15076,2022-10-02,Nelson,30,8,19,3,19,101,162,-61,5.4,3.37,N10004
15080,2022-10-02,OS Offices,30,13,16,1,27,135,148,-13,4.93,4.5,N10005
15072,2022-10-02,OS Offices,31,13,17,1,27,137,152,-15,4.9,4.42,N10005
15081,2022-10-02,Orphans,32,21,7,4,46,194,137,57,4.28,6.06,N10006
15080,2022-10-02,Platinum,34,21,10,3,45,209,159,50,4.68,6.15,N10008
15081,2022-10-02,Triple J,33,13,18,2,28,173,200,-27,6.06,5.24,N10009
15077,2022-10-09,Amos,31,16,13,2,34,161,148,13,4.77,5.19,N10001
15082,2022-10-09,Amos,32,17,13,2,36,169,152,17,4.75,5.28,N10001
15086,2022-10-09,Canada,32,3,27,2,8,96,230,-134,7.19,3.0,N10012
15082,2022-10-09,Canada,33,3,28,2,8,100,238,-138,7.21,3.03,N10012
15086,2022-10-09,Triple J,34,14,18,2,30,181,203,-22,5.97,5.32,N10009
15077,2022-10-09,Triple J,35,15,18,2,32,188,206,-18,5.89,5.37,N10009
15083,2022-10-16,Amos,33,17,14,2,36,172,157,15,4.76,5.21,N10001
15078,2022-10-16,HollowBrook,32,23,8,1,47,248,134,114,4.19,7.75,N10003
15083,2022-10-16,Nelson,31,9,19,3,21,106,165,-59,5.32,3.42,N10004
15087,2022-10-16,Nelson,32,9,20,3,21,110,172,-62,5.38,3.44,N10004
15078,2022-10-16,OS Offices,32,13,18,1,27,140,161,-21,5.03,4.38,N10005
15087,2022-10-16,Triple J,36,16,18,2,34,195,210,-15,5.83,5.42,N10009
15088,2022-10-23,Amos,34,17,15,2,36,176,163,13,4.79,5.18,N10001
15079,2022-10-23,HollowBrook,33,23,9,1,47,255,143,112,4.33,7.73,N10003
15084,2022-10-23,HollowBrook,34,24,9,1,49,264,146,118,4.29,7.76,N10003
15079,2022-10-23,Nelson,33,10,20,3,23,119,179,-60,5.42,3.61,N10004
15084,2022-10-23,Platinum,35,21,11,3,45,212,168,44,4.8,6.06,N10008
15088,2022-10-23,Platinum,36,22,11,3,47,218,172,46,4.78,6.06,N10008
15092,2022-10-23,Platinum,37,22,12,3,47,222,180,42,4.86,6.0,N10008
15092,2022-10-23,Triple J,37,17,18,2,36,203,214,-11,5.78,5.49,N10009
15093,2022-10-30,Amos,35,17,16,2,36,177,171,6,4.89,5.06,N10001
15096,2022-10-30,Canada,34,3,29,2,8,103,244,-141,7.18,3.03,N10012
15089,2022-10-30,HollowBrook,35,25,9,1,51,271,147,124,4.2,7.74,N10003
15085,2022-10-30,OS Offices,33,13,19,1,27,144,168,-24,5.09,4.36,N10005
15095,2022-10-30,OS Offices,34,13,19,2,28,150,174,-24,5.12,4.41,N10005
15085,2022-10-30,Orphans,33,22,7,4,48,201,141,60,4.27,6.09,N10006
15096,2022-10-30,Orphans,34,23,7,4,50,207,144,63,4.24,6.09,N10006
15089,2022-10-30,Orphans,35,23,8,4,50,208,151,57,4.31,5.94,N10006
15093,2022-10-30,Orphans,36,24,8,4,52,216,152,64,4.22,6.0,N10006
15095,2022-10-30,Triple J,38,17,18,3,37,209,220,-11,5.79,5.5,N10009
15102,2022-11-06,Canada,35,3,30,2,8,103,250,-147,7.14,2.94,N10012
15090,2022-11-06,Canada,36,3,31,2,8,108,257,-149,7.14,3.0,N10012
15094,2022-11-06,Canada,37,3,32,2,8,110,269,-159,7.27,2.97,N10012
15094,2022-11-06,HollowBrook,36,26,9,1,53,283,149,134,4.14,7.86,N10003
15100,2022-11-06,HollowBrook,37,27,9,1,55,296,155,141,4.19,8.0,N10003
15097,2022-11-06,Nelson,34,10,21,3,23,125,190,-65,5.59,3.68,N10004
15090,2022-11-06,OS Offices,35,14,19,2,30,157,179,-22,5.11,4.49,N10005
15102,2022-11-06,Platinum,38,23,12,3,49,228,180,48,4.74,6.0,N10008
15097,2022-11-06,Platinum,39,24,12,3,51,239,186,53,4.77,6.13,N10008
15100,2022-11-06,Triple J,39,17,19,3,37,215,233,-18,5.97,5.51,N10009
15098,2022-11-13,Amos,36,17,16,3,37,178,172,6,4.78,4.94,N10001
15103,2022-11-13,Canada,38,4,32,2,10,121,279,-158,7.34,3.18,N10012
15098,2022-11-13,HollowBrook,38,27,9,2,56,297,156,141,4.11,7.82,N10003
15091,2022-11-13,Nelson,35,10,22,3,23,131,201,-70,5.74,3.74,N10004
15101,2022-11-13,Nelson,36,10,23,3,23,133,208,-75,5.78,3.69,N10004
15103,2022-11-13,Nelson,37,10,24,3,23,143,219,-76,5.92,3.86,N10004
15091,2022-11-13,OS Offices,36,15,19,2,32,168,185,-17,5.14,4.67,N10005
15101,2022-11-13,Orphans,37,25,8,4,54,223,154,69,4.16,6.03,N10006
15099,2022-11-20,Amos,37,18,16,3,39,184,175,9,4.73,4.97,N10001
15104,2022-11-20,Amos,38,18,16,4,40,187,178,9,4.68,4.92,N10001
15099,2022-11-20,OS Offices,37,15,20,2,32,171,191,-20,5.16,4.62,N10005
15107,2022-11-20,OS Offices,38,15,21,2,32,174,199,-25,5.24,4.58,N10005
15108,2022-11-20,Orphans,38,26,8,4,56,230,159,71,4.18,6.05,N10006
15107,2022-11-20,Platinum,40,25,12,3,53,247,189,58,4.72,6.17,N10008
15108,2022-11-20,Triple J,40,17,20,3,37,220,240,-20,6.0,5.5,N10009
15104,2022-11-20,Triple J,41,17,20,4,38,223,243,-20,5.93,5.44,N10009
15109,2022-11-27,Amos,39,19,16,4,42,195,181,14,4.64,5.0,N10001
15109,2022-11-27,Canada,39,4,33,2,10,124,287,-163,7.36,3.18,N10012
15105,2022-11-27,HollowBrook,39,28,9,2,58,303,160,143,4.1,7.77,N10003
15105,2022-11-27,OS Offices,39,15,22,2,32,178,205,-27,5.26,4.56,N10005
15114,2022-12-04,Amos,40,20,16,4,44,200,184,16,4.6,5.0,N10001
15113,2022-12-04,Canada,40,4,34,2,10,127,291,-164,7.28,3.17,N10012
15110,2022-12-04,HollowBrook,40,29,9,2,60,310,162,148,4.05,7.75,N10003
15111,2022-12-04,HollowBrook,41,30,9,2,62,319,166,153,4.05,7.78,N10003
15110,2022-12-04,Nelson,38,10,25,3,23,145,226,-81,5.95,3.82,N10004
15114,2022-12-04,Nelson,39,10,26,3,23,148,231,-83,5.92,3.79,N10004
15112,2022-12-04,OS Offices,40,16,22,2,34,186,207,-21,5.17,4.65,N10005
15106,2022-12-04,Orphans,39,26,9,4,56,237,167,70,4.28,6.08,N10006
15112,2022-12-04,Orphans,40,26,10,4,56,239,175,64,4.38,5.97,N10006
15106,2022-12-04,Platinum,41,26,12,3,55,255,196,59,4.78,6.22,N10008
15111,2022-12-04,Platinum,42,26,13,3,55,259,205,54,4.88,6.17,N10008
15113,2022-12-04,Triple J,42,18,20,4,40,227,246,-19,5.86,5.4,N10009
15115,2022-12-11,Amos,41,21,16,4,46,208,188,20,4.59,5.07,N10001
15118,2022-12-11,Nelson,40,10,27,3,23,150,236,-86,5.9,3.75,N10004
15115,2022-12-11,Platinum,43,26,14,3,55,263,213,50,4.95,6.12,N10008
15118,2022-12-11,Triple J,43,19,20,4,42,232,248,-16,5.77,5.4,N10009
15116,2022-12-18,HollowBrook,42,31,9,2,64,323,169,154,4.02,7.69,N10003
15116,2022-12-18,Orphans,41,26,11,4,56,242,179,63,4.37,5.9,N10006
15119,2022-12-18,Platinum,44,27,14,3,57,272,217,55,4.93,6.18,N10008
15119,2022-12-18,Triple J,44,19,21,4,42,236,257,-21,5.84,5.36,N10009
15120,2022-12-25,Amos,42,21,17,4,46,210,192,18,4.57,5.0,N10001
15117,2022-12-25,Canada,41,4,35,2,10,129,301,-172,7.34,3.15,N10012
15117,2022-12-25,OS Offices,41,17,22,2,36,196,209,-13,5.1,4.78,N10005
15120,2022-12-25,Orphans,42,27,11,4,58,246,181,65,4.31,5.86,N10006
15121,2023-01-01,Canada,42,4,36,2,10,132,307,-175,7.31,3.14,N10012
15121,2023-01-01,HollowBrook,43,32,9,2,66,329,172,157,4.0,7.65,N10003
15125,2023-01-08,Amos,43,21,18,4,46,215,200,15,4.65,5.0,N10001
15123,2023-01-08,Canada,43,4,37,2,10,138,314,-176,7.3,3.21,N10012
15125,2023-01-08,HollowBrook,44,33,9,2,68,337,177,160,4.02,7.66,N10003
15122,2023-01-08,Nelson,41,10,28,3,23,154,244,-90,5.95,3.76,N10004
15124,2023-01-08,Nelson,42,10,29,3,23,161,253,-92,6.02,3.83,N10004
15122,2023-01-08,OS Offices,42,18,22,2,38,204,213,-9,5.07,4.86,N10005
15126,2023-01-08,OS Offices,43,19,22,2,40,213,218,-5,5.07,4.95,N10005
15123,2023-01-08,Orphans,43,28,11,4,60,253,187,66,4.35,5.88,N10006
15124,2023-01-08,Platinum,45,28,14,3,59,281,224,57,4.98,6.24,N10008
15126,2023-01-08,Triple J,45,19,22,4,42,241,266,-25,5.91,5.36,N10009
15131,2023-01-22,Amos,44,21,19,4,46,218,204,14,4.64,4.95,N10001
15134,2023-01-22,Canada,44,4,38,2,10,141,322,-181,7.32,3.2,N10012
15132,2023-01-22,HollowBrook,45,34,9,2,70,339,177,162,3.93,7.53,N10003
15134,2023-01-22,Nelson,43,11,29,3,25,169,256,-87,5.95,3.93,N10004
15132,2023-01-22,OS Offices,44,19,23,2,40,213,220,-7,5.0,4.84,N10005
15133,2023-01-22,Orphans,44,28,11,5,61,257,191,66,4.34,5.84,N10006
15133,2023-01-22,Platinum,46,28,14,4,60,285,228,57,4.96,6.2,N10008
15131,2023-01-22,Triple J,46,20,22,4,44,245,269,-24,5.85,5.33,N10009
15135,2023-01-29,Orphans,45,29,11,5,63,265,194,71,4.31,5.89,N10006
15135,2023-01-29,Triple J,47,20,23,4,44,248,277,-29,5.89,5.28,N10009
15136,2023-02-05,Amos,45,22,19,4,48,225,206,19,4.58,5.0,N10001
15136,2023-02-05,Canada,45,4,39,2,10,143,329,-186,7.31,3.18,N10012
15139,2023-02-05,OS Offices,45,19,24,2,40,214,228,-14,5.07,4.76,N10005
15139,2023-02-05,Orphans,46,30,11,5,65,273,195,78,4.24,5.93,N10006
15140,2023-02-12,Canada,46,5,39,2,12,151,332,-181,7.22,3.28,N10012
15137,2023-02-12,HollowBrook,46,35,9,2,72,351,181,170,3.93,7.63,N10003
15137,2023-02-12,Nelson,44,11,30,3,25,173,268,-95,6.09,3.93,N10004
15140,2023-02-12,Triple J,48,20,24,4,44,251,285,-34,5.94,5.23,N10009
15146,2023-02-19,Amos,46,23,19,4,50,231,210,21,4.57,5.02,N10001
15141,2023-02-19,Amos,47,24,19,4,52,237,214,23,4.55,5.04,N10001
15144,2023-02-19,Canada,47,5,40,2,12,152,336,-184,7.15,3.23,N10012
15143,2023-02-19,HollowBrook,47,35,10,2,72,353,190,163,4.04,7.51,N10003
15145,2023-02-19,Nelson,45,11,30,4,26,176,271,-95,6.02,3.91,N10004
15141,2023-02-19,Nelson,46,11,31,4,26,180,277,-97,6.02,3.91,N10004
15144,2023-02-19,OS Offices,46,20,24,2,42,218,229,-11,4.98,4.74,N10005
15138,2023-02-19,OS Offices,47,20,25,2,42,220,234,-14,4.98,4.68,N10005
15143,2023-02-19,Orphans,47,31,11,5,67,282,197,85,4.19,6.0,N10006
15146,2023-02-19,Platinum,47,28,15,4,60,289,234,55,4.98,6.15,N10008
15138,2023-02-19,Platinum,48,29,15,4,62,294,236,58,4.92,6.12,N10008
15145,2023-02-19,Triple J,49,20,24,5,45,254,288,-34,5.88,5.18,N10009
15147,2023-02-26,Amos,48,24,20,4,52,240,222,18,4.62,5.0,N10001
15142,2023-02-26,HollowBrook,48,35,11,2,72,356,196,160,4.08,7.42,N10003
15147,2023-02-26,Orphans,48,32,11,5,69,290,200,90,4.17,6.04,N10006
15142,2023-02-26,Platinum,49,30,15,4,64,300,239,61,4.88,6.12,N10008
15150,2023-02-26,Platinum,50,31,15,4,66,306,241,65,4.82,6.12,N10008
15150,2023-02-26,Triple J,50,20,25,5,45,256,294,-38,5.88,5.12,N10009
15148,2023-03-05,Canada,48,5,41,2,12,154,348,-194,7.25,3.21,N10012
15154,2023-03-05,Canada,49,5,41,3,13,156,350,-194,7.14,3.18,N10012
15148,2023-03-05,HollowBrook,49,36,11,2,74,368,198,170,4.04,7.51,N10003
15151,2023-03-05,Nelson,47,11,32,4,26,185,284,-99,6.04,3.94,N10004
15153,2023-03-05,OS Offices,48,20,26,2,42,222,242,-20,5.04,4.62,N10005
15154,2023-03-05,Orphans,49,32,11,6,70,292,202,90,4.12,5.96,N10006
15151,2023-03-05,Platinum,51,32,15,4,68,313,246,67,4.82,6.14,N10008
15153,2023-03-05,Triple J,51,21,25,5,47,264,296,-32,5.8,5.18,N10009
15152,2023-03-12,Amos,49,24,20,5,53,245,227,18,4.63,5.0,N10001
15156,2023-03-12,Canada,50,5,42,3,13,156,357,-201,7.14,3.12,N10012
15152,2023-03-12,HollowBrook,50,36,11,3,75,373,203,170,4.06,7.46,N10003
15158,2023-03-12,HollowBrook,51,37,11,3,77,382,205,177,4.02,7.49,N10003
15149,2023-03-12,Nelson,48,11,33,4,26,185,292,-107,6.08,3.85,N10004
15155,2023-03-12,Nelson,49,11,34,4,26,187,297,-110,6.06,3.82,N10004
15149,2023-03-12,OS Offices,49,21,26,2,44,230,242,-12,4.94,4.69,N10005
15155,2023-03-12,Orphans,50,33,11,6,72,297,204,93,4.08,5.94,N10006
15156,2023-03-12,Platinum,52,33,15,4,70,320,246,74,4.73,6.15,N10008
15158,2023-03-12,Triple J,52,21,26,5,47,266,305,-39,5.87,5.12,N10009
15157,2023-03-19,Amos,50,24,20,6,54,251,233,18,4.66,5.02,N10001
15159,2023-03-19,HollowBrook,52,38,11,3,79,386,205,181,3.94,7.42,N10003
15159,2023-03-19,OS Offices,50,21,27,2,44,230,246,-16,4.92,4.6,N10005
15157,2023-03-19,OS Offices,51,21,27,3,45,236,252,-16,4.94,4.63,N10005
15164,2023-03-26,HollowBrook,53,39,11,3,81,393,208,185,3.92,7.42,N10003
15164,2023-03-26,Nelson,50,11,35,4,26,190,304,-114,6.08,3.8,N10004
15165,2023-03-26,OS Offices,52,22,27,3,47,243,255,-12,4.9,4.67,N10005
15166,2023-03-26,Orphans,51,33,12,6,72,299,207,92,4.06,5.86,N10006
15160,2023-03-26,Orphans,52,34,12,6,74,303,209,94,4.02,5.83,N10006
15165,2023-03-26,Platinum,53,33,16,4,70,323,253,70,4.77,6.09,N10008
15160,2023-03-26,Platinum,54,33,17,4,70,325,257,68,4.76,6.02,N10008
15166,2023-03-26,Triple J,53,22,26,5,49,269,307,-38,5.79,5.08,N10009
15167,2023-04-02,Canada,51,5,43,3,13,157,361,-204,7.08,3.08,N10012
15161,2023-04-02,Canada,52,6,43,3,15,162,365,-203,7.02,3.12,N10012
15161,2023-04-02,Nelson,51,11,36,4,26,194,309,-115,6.06,3.8,N10004
15167,2023-04-02,Triple J,54,23,26,5,51,273,308,-35,5.7,5.06,N10009
15162,2023-04-09,Amos,51,24,21,6,54,253,238,15,4.67,4.96,N10001
15168,2023-04-09,Amos,52,24,22,6,54,253,239,14,4.6,4.87,N10001
15168,2023-04-09,Nelson,52,12,36,4,28,195,309,-114,5.94,3.75,N10004
15162,2023-04-09,Triple J,55,24,26,5,53,278,310,-32,5.64,5.05,N10009
15163,2023-04-16,Amos,53,25,22,6,56,264,243,21,4.58,4.98,N10001
10010,2023-04-16,Amos,54,26,22,6,58,268,246,22,4.56,4.96,N10001
15163,2023-04-16,Canada,53,6,44,3,15,166,376,-210,7.09,3.13,N10012
10057,2023-04-16,Canada,54,7,44,3,17,175,382,-207,7.07,3.24,N10012
10025,2023-04-16,HollowBrook,54,40,11,3,83,400,210,190,3.89,7.41,N10003
15169,2023-04-16,HollowBrook,55,41,11,3,85,406,214,192,3.89,7.38,N10003
10041,2023-04-16,Nelson,53,12,37,4,28,199,317,-118,5.98,3.75,N10004
10010,2023-04-16,OS Offices,53,22,28,3,47,246,259,-13,4.89,4.64,N10005
10041,2023-04-16,Orphans,53,35,12,6,76,311,213,98,4.02,5.87,N10006
10057,2023-04-16,Platinum,55,33,18,4,70,331,266,65,4.84,6.02,N10008
15169,2023-04-16,Platinum,56,33,19,4,70,335,272,63,4.86,5.98,N10008
10025,2023-04-16,Triple J,56,24,27,5,53,280,317,-37,5.66,5.0,N10009
10011,2023-04-23,Amos,55,26,23,6,58,270,250,20,4.55,4.91,N10001
10026,2023-04-23,Canada,55,7,45,3,17,176,389,-213,7.07,3.2,N10012
10026,2023-04-23,HollowBrook,56,42,11,3,87,413,215,198,3.84,7.38,N10003
10042,2023-04-23,Nelson,54,12,38,4,28,200,325,-125,6.02,3.7,N10004
10050,2023-04-23,OS Offices,54,22,29,3,47,249,264,-15,4.89,4.61,N10005
10042,2023-04-23,Orphans,54,36,12,6,78,319,214,105,3.96,5.91,N10006
10050,2023-04-23,Platinum,57,34,19,4,72,340,275,65,4.82,5.96,N10008
10011,2023-04-23,Triple J,57,25,27,5,55,284,319,-35,5.6,4.98,N10009
10027,2023-04-25,HollowBrook,57,43,11,3,89,422,215,207,3.77,7.4,N10003
10058,2023-04-25,Orphans,55,37,12,6,80,324,217,107,3.95,5.89,N10006
10058,2023-04-25,Platinum,58,34,20,4,72,343,280,63,4.83,5.91,N10008
10027,2023-04-25,Triple J,58,25,28,5,55,284,328,-44,5.66,4.9,N10009
10012,2023-04-27,Amos,56,27,23,6,60,275,254,21,4.54,4.91,N10001
10012,2023-04-27,Canada,56,7,46,3,17,180,394,-214,7.04,3.21,N10012
10043,2023-04-27,Nelson,55,13,38,4,30,208,328,-120,5.96,3.78,N10004
10043,2023-04-27,OS Offices,55,22,30,3,47,252,272,-20,4.95,4.58,N10005
10013,2023-04-30,Amos,57,27,24,6,60,277,261,16,4.58,4.86,N10001
10044,2023-04-30,Nelson,56,13,39,4,30,209,333,-124,5.95,3.73,N10004
10013,2023-04-30,Platinum,59,35,20,4,74,350,282,68,4.78,5.93,N10008
10044,2023-04-30,Triple J,59,26,28,5,57,289,329,-40,5.58,4.9,N10009
10028,2023-05-02,HollowBrook,58,44,11,3,91,428,216,212,3.72,7.38,N10003
10028,2023-05-02,Orphans,56,37,13,6,80,325,223,102,3.98,5.8,N10006
10059,2023-05-02,Platinum,60,35,21,4,74,351,285,66,4.75,5.85,N10008
10059,2023-05-02,Triple J,60,27,28,5,59,292,330,-38,5.5,4.87,N10009
10060,2023-05-04,Orphans,57,37,14,6,80,328,227,101,3.98,5.75,N10006
10060,2023-05-04,Triple J,61,28,28,5,61,296,333,-37,5.46,4.85,N10009
10029,2023-05-07,HollowBrook,59,45,11,3,93,432,216,216,3.66,7.32,N10003
10029,2023-05-07,Triple J,62,28,29,5,61,296,337,-41,5.44,4.77,N10009
16776,2023-08-13,Ace,1,0,1,0,0,4,8,-4,8.0,4.0,N10002
16776,2023-08-13,Amos,58,28,24,6,62,285,265,20,4.57,4.91,N10001
16779,2023-08-13,HollowBrook,60,46,11,3,95,439,217,222,3.62,7.32,N10003
16779,2023-08-13,Nelson,57,13,40,4,30,210,340,-130,5.96,3.68,N10004
16778,2023-08-13,OS Offices,56,22,31,3,47,254,277,-23,4.95,4.54,N10005
16777,2023-08-13,Orphans,58,37,15,6,80,330,231,99,3.98,5.69,N10006
16777,2023-08-13,Platinum,61,36,21,4,76,355,287,68,4.7,5.82,N10008
16778,2023-08-13,Triple J,63,29,29,5,63,301,339,-38,5.38,4.78,N10009
16781,2023-08-20,Ace,2,0,2,0,0,6,18,-12,9.0,3.0,N10002
16783,2023-08-20,Amos,59,29,24,6,64,290,267,23,4.53,4.92,N10001
16781,2023-08-20,HollowBrook,61,47,11,3,97,449,219,230,3.59,7.36,N10003
16780,2023-08-20,Nelson,58,13,41,4,30,211,349,-138,6.02,3.64,N10004
16780,2023-08-20,Platinum,62,37,21,4,78,364,288,76,4.65,5.87,N10008
16783,2023-08-20,Triple J,64,29,30,5,63,303,344,-41,5.38,4.73,N10009
16786,2023-08-27,Ace,3,0,3,0,0,8,22,-14,7.33,2.67,N10002
16784,2023-08-27,Amos,60,30,24,6,66,300,270,30,4.5,5.0,N10001
16787,2023-08-27,HollowBrook,62,47,12,3,97,451,223,228,3.6,7.27,N10003
16782,2023-08-27,OS Offices,57,22,32,3,47,260,287,-27,5.04,4.56,N10005
16784,2023-08-27,OS Offices,58,22,33,3,47,263,297,-34,5.12,4.53,N10005
16782,2023-08-27,Orphans,59,38,15,6,82,340,237,103,4.02,5.76,N10006
16787,2023-08-27,Orphans,60,39,15,6,84,344,239,105,3.98,5.73,N10006
16786,2023-08-27,Platinum,63,38,21,4,80,368,290,78,4.6,5.84,N10008
16791,2023-09-03,Ace,4,0,4,0,0,9,26,-17,6.5,2.25,N10002
16788,2023-09-03,Amos,61,31,24,6,68,307,273,34,4.48,5.03,N10001
16788,2023-09-03,HollowBrook,63,47,13,3,97,454,230,224,3.65,7.21,N10003
16785,2023-09-03,Nelson,59,14,41,4,32,215,350,-135,5.93,3.64,N10004
16791,2023-09-03,Orphans,61,40,15,6,86,348,240,108,3.93,5.7,N10006
16790,2023-09-03,Platinum,64,38,22,4,80,371,294,77,4.59,5.8,N10008
16785,2023-09-03,Triple J,65,29,31,5,63,304,348,-44,5.35,4.68,N10009
16790,2023-09-03,Triple J,66,30,31,5,65,308,351,-43,5.32,4.67,N10009
16793,2023-09-10,Ace,5,0,4,1,1,16,33,-17,6.6,3.2,N10002
10030,2023-09-10,HollowBrook,64,47,14,3,97,460,238,222,3.72,7.19,N10003
16789,2023-09-10,Nelson,60,14,42,4,32,216,354,-138,5.9,3.6,N10004
16789,2023-09-10,OS Offices,59,23,33,3,49,267,298,-31,5.05,4.53,N10005
10030,2023-09-10,OS Offices,60,24,33,3,51,275,304,-29,5.07,4.58,N10005
16793,2023-09-10,Triple J,67,30,31,6,66,315,358,-43,5.34,4.7,N10009
16797,2023-09-17,Ace,6,0,4,2,2,21,38,-17,6.33,3.5,N10002
16794,2023-09-17,Amos,62,31,24,7,69,310,276,34,4.45,5.0,N10001
16797,2023-09-17,OS Offices,61,24,33,4,52,280,309,-29,5.07,4.59,N10005
16794,2023-09-17,Orphans,62,40,15,7,87,351,243,108,3.92,5.66,N10006
16798,2023-09-24,HollowBrook,65,48,14,3,99,465,241,224,3.71,7.15,N10003
16795,2023-09-24,Nelson,61,14,43,4,32,219,360,-141,5.9,3.59,N10004
16803,2023-09-24,OS Offices,62,25,33,4,54,286,311,-25,5.02,4.61,N10005
16800,2023-09-24,Orphans,63,41,15,7,89,355,245,110,3.89,5.63,N10006
16800,2023-09-24,Platinum,65,38,23,4,80,373,298,75,4.58,5.74,N10008
16795,2023-09-24,Platinum,66,39,23,4,82,379,301,78,4.56,5.74,N10008
16803,2023-09-24,Triple J,68,30,32,6,66,317,364,-47,5.35,4.66,N10009
16798,2023-09-24,Triple J,69,30,33,6,66,320,369,-49,5.35,4.64,N10009
16801,2023-10-01,Amos,63,32,24,7,71,315,279,36,4.43,5.0,N10001
16796,2023-10-01,Amos,64,32,25,7,71,317,284,33,4.44,4.95,N10001
16804,2023-10-01,HollowBrook,66,48,14,4,100,469,245,224,3.71,7.11,N10003
16801,2023-10-01,Nelson,62,14,44,4,32,222,365,-143,5.89,3.58,N10004
16804,2023-10-01,Nelson,63,14,44,5,33,226,369,-143,5.86,3.59,N10004
16799,2023-10-01,Nelson,64,14,45,5,33,227,374,-147,5.84,3.55,N10004
16799,2023-10-01,Orphans,64,42,15,7,91,360,246,114,3.84,5.62,N10006
16806,2023-10-01,Orphans,65,42,16,7,91,364,252,112,3.88,5.6,N10006
16796,2023-10-01,Platinum,67,40,23,4,84,384,303,81,4.52,5.73,N10008
16806,2023-10-01,Triple J,70,31,33,6,68,326,373,-47,5.33,4.66,N10009
16807,2023-10-08,Ace,7,1,4,2,4,24,40,-16,5.71,3.43,N10002
10001,2023-10-08,Ace,8,1,5,2,4,28,47,-19,5.88,3.5,N10002
16802,2023-10-08,Ace,9,2,5,2,6,34,50,-16,5.56,3.78,N10002
16807,2023-10-08,Amos,65,32,26,7,71,319,287,32,4.42,4.91,N10001
16809,2023-10-08,Amos,66,32,27,7,71,323,293,30,4.44,4.89,N10001
16809,2023-10-08,HollowBrook,67,49,14,4,102,475,249,226,3.72,7.09,N10003
16802,2023-10-08,HollowBrook,68,49,15,4,102,478,255,223,3.75,7.03,N10003
10001,2023-10-08,Nelson,65,15,45,5,35,234,378,-144,5.82,3.6,N10004
16805,2023-10-08,OS Offices,63,26,33,4,56,289,313,-24,4.97,4.59,N10005
16811,2023-10-08,Platinum,68,40,24,4,84,388,312,76,4.59,5.71,N10008
16805,2023-10-08,Platinum,69,40,25,4,84,390,315,75,4.57,5.65,N10008
16811,2023-10-08,Triple J,71,32,33,6,70,335,377,-42,5.31,4.72,N10009
10002,2023-10-15,Ace,10,2,6,2,6,35,58,-23,5.8,3.5,N10002
10031,2023-10-15,HollowBrook,69,49,16,4,102,481,259,222,3.75,6.97,N10003
16812,2023-10-15,Nelson,66,15,45,6,36,237,381,-144,5.77,3.59,N10004
16810,2023-10-15,OS Offices,64,26,34,4,56,293,320,-27,5.0,4.58,N10005
10031,2023-10-15,Orphans,66,43,16,7,93,368,255,113,3.86,5.58,N10006
16810,2023-10-15,Orphans,67,44,16,7,95,375,259,116,3.87,5.6,N10006
10002,2023-10-15,Platinum,70,41,25,4,86,398,316,82,4.51,5.69,N10008
16812,2023-10-15,Triple J,72,32,33,7,71,338,380,-42,5.28,4.69,N10009
16813,2023-10-22,Ace,11,3,6,2,8,43,63,-20,5.73,3.91,N10002
16817,2023-10-22,Platinum,71,42,25,4,88,405,321,84,4.52,5.7,N10008
16813,2023-10-22,Platinum,72,42,26,4,88,410,329,81,4.57,5.69,N10008
16817,2023-10-22,Triple J,73,32,34,7,71,343,387,-44,5.3,4.7,N10009
16818,2023-10-29,Ace,12,4,6,2,10,48,67,-19,5.58,4.0,N10002
16815,2023-10-29,Amos,67,32,28,7,71,325,297,28,4.43,4.85,N10001
16820,2023-10-29,OS Offices,65,27,34,4,58,297,322,-25,4.95,4.57,N10005
16815,2023-10-29,OS Offices,66,28,34,4,60,301,324,-23,4.91,4.56,N10005
16818,2023-10-29,Orphans,68,44,17,7,95,379,264,115,3.88,5.57,N10006
16820,2023-10-29,Triple J,74,32,35,7,71,345,391,-46,5.28,4.66,N10009
16821,2023-11-05,Amos,68,33,28,7,73,330,299,31,4.4,4.85,N10001
16819,2023-11-05,Amos,69,33,28,8,74,337,306,31,4.43,4.88,N10001
10032,2023-11-05,HollowBrook,70,50,16,4,104,486,263,223,3.76,6.94,N10003
16819,2023-11-05,HollowBrook,71,50,16,5,105,493,270,223,3.8,6.94,N10003
16816,2023-11-05,Nelson,67,15,46,6,36,238,388,-150,5.79,3.55,N10004
16816,2023-11-05,OS Offices,67,29,34,4,62,308,325,-17,4.85,4.6,N10005
16821,2023-11-05,Orphans,69,44,18,7,95,381,269,112,3.9,5.52,N10006
10032,2023-11-05,Triple J,75,32,36,7,71,349,396,-47,5.28,4.65,N10009
10033,2023-11-12,HollowBrook,72,50,17,5,105,496,274,222,3.81,6.89,N10003
16822,2023-11-12,Nelson,68,15,47,6,36,241,395,-154,5.81,3.54,N10004
10033,2023-11-12,Nelson,69,16,47,6,38,245,398,-153,5.77,3.55,N10004
16831,2023-11-12,Orphans,70,44,19,7,95,383,272,111,3.89,5.47,N10006
16831,2023-11-12,Platinum,73,43,26,4,90,413,331,82,4.53,5.66,N10008
16822,2023-11-12,Platinum,74,44,26,4,92,420,334,86,4.51,5.68,N10008
16823,2023-11-19,Ace,13,4,7,2,10,53,73,-20,5.62,4.08,N10002
16823,2023-11-19,HollowBrook,73,51,17,5,107,502,279,223,3.82,6.88,N10003
16832,2023-11-19,OS Offices,68,29,35,4,62,309,330,-21,4.85,4.54,N10005
16833,2023-11-19,Orphans,71,44,19,8,96,386,275,111,3.87,5.44,N10006
16832,2023-11-19,Platinum,75,45,26,4,94,425,335,90,4.47,5.67,N10008
16833,2023-11-19,Triple J,76,32,36,8,72,352,399,-47,5.25,4.63,N10009
16834,2023-11-26,Ace,14,4,8,2,10,56,81,-25,5.79,4.0,N10002
16824,2023-11-26,Ace,15,4,9,2,10,59,86,-27,5.73,3.93,N10002
16834,2023-11-26,Amos,70,34,28,8,76,345,309,36,4.41,4.93,N10001
16824,2023-11-26,OS Offices,69,30,35,4,64,314,333,-19,4.83,4.55,N10005
16839,2023-12-03,Ace,16,5,9,2,12,65,89,-24,5.56,4.06,N10002
16838,2023-12-03,Amos,71,34,29,8,76,347,313,34,4.41,4.89,N10001
16836,2023-12-03,HollowBrook,74,51,18,5,107,505,284,221,3.84,6.82,N10003
16839,2023-12-03,Nelson,70,16,48,6,38,248,404,-156,5.77,3.54,N10004
16826,2023-12-03,Nelson,71,16,49,6,38,253,410,-157,5.77,3.56,N10004
16837,2023-12-03,OS Offices,70,30,36,4,64,317,339,-22,4.84,4.53,N10005
16837,2023-12-03,Orphans,72,45,19,8,98,392,278,114,3.86,5.44,N10006
16826,2023-12-03,Orphans,73,46,19,8,100,398,283,115,3.88,5.45,N10006
16836,2023-12-03,Platinum,76,46,26,4,96,430,338,92,4.45,5.66,N10008
16838,2023-12-03,Triple J,77,33,36,8,74,356,401,-45,5.21,4.62,N10009
16840,2023-12-10,Ace,17,5,10,2,12,71,96,-25,5.65,4.18,N10002
16827,2023-12-10,Amos,72,34,30,8,76,349,318,31,4.42,4.85,N10001
16843,2023-12-10,Nelson,72,16,50,6,38,256,415,-159,5.76,3.56,N10004
16827,2023-12-10,Platinum,77,47,26,4,98,435,340,95,4.42,5.65,N10008
16840,2023-12-10,Platinum,78,48,26,4,100,442,346,96,4.44,5.67,N10008
16843,2023-12-10,Triple J,78,34,36,8,76,361,404,-43,5.18,4.63,N10009
16828,2023-12-17,Amos,73,35,30,8,78,356,318,38,4.36,4.88,N10001
16841,2023-12-17,HollowBrook,75,51,19,5,107,510,293,217,3.91,6.8,N10003
16828,2023-12-17,Nelson,73,16,51,6,38,256,422,-166,5.78,3.51,N10004
16841,2023-12-17,Orphans,74,47,19,8,102,407,288,119,3.89,5.5,N10006
16844,2023-12-17,Platinum,79,49,26,4,102,450,348,102,4.41,5.7,N10008
16844,2023-12-17,Triple J,79,34,37,8,76,363,412,-49,5.22,4.59,N10009
16845,2023-12-24,Ace,18,5,11,2,12,74,102,-28,5.67,4.11,N10002
16842,2023-12-24,Amos,74,35,31,8,78,359,327,32,4.42,4.85,N10001
16829,2023-12-24,HollowBrook,76,51,19,6,108,515,298,217,3.92,6.78,N10003
16829,2023-12-24,OS Offices,71,30,36,5,65,322,344,-22,4.85,4.54,N10005
16842,2023-12-24,OS Offices,72,31,36,5,67,331,347,-16,4.82,4.6,N10005
16845,2023-12-24,Orphans,75,48,19,8,104,413,291,122,3.88,5.51,N10006
16830,2023-12-31,Ace,19,5,12,2,12,76,107,-31,5.63,4.0,N10002
16846,2023-12-31,Amos,75,36,31,8,80,366,328,38,4.37,4.88,N10001
16846,2023-12-31,HollowBrook,77,51,20,6,108,516,305,211,3.96,6.7,N10003
16830,2023-12-31,Triple J,80,35,37,8,78,368,414,-46,5.17,4.6,N10009
16851,2024-01-07,Ace,20,5,12,3,13,83,114,-31,5.7,4.15,N10002
16849,2024-01-07,Amos,76,37,31,8,82,371,331,40,4.36,4.88,N10001
10034,2024-01-07,HollowBrook,78,51,21,6,108,519,313,206,4.01,6.65,N10003
16850,2024-01-07,Nelson,74,16,52,6,38,256,427,-171,5.77,3.46,N10004
16847,2024-01-07,Nelson,75,16,53,6,38,258,430,-172,5.73,3.44,N10004
16849,2024-01-07,OS Offices,73,31,37,5,67,334,352,-18,4.82,4.58,N10005
16847,2024-01-07,OS Offices,74,32,37,5,69,337,354,-17,4.78,4.55,N10005
10034,2024-01-07,Orphans,76,49,19,8,106,421,294,127,3.87,5.54,N10006
16851,2024-01-07,Platinum,80,49,26,5,103,457,355,102,4.44,5.71,N10008
16850,2024-01-07,Triple J,81,36,37,8,80,373,414,-41,5.11,4.6,N10009
16852,2024-01-21,Ace,21,5,12,4,14,90,121,-31,5.76,4.29,N10002
16855,2024-01-21,Amos,77,38,31,8,84,377,333,44,4.32,4.9,N10001
16853,2024-01-21,HollowBrook,79,51,22,6,108,523,318,205,4.03,6.62,N10003
16855,2024-01-21,Nelson,76,16,54,6,38,260,436,-176,5.74,3.42,N10004
16853,2024-01-21,OS Offices,75,33,37,5,71,342,358,-16,4.77,4.56,N10005
16854,2024-01-21,Orphans,77,50,19,8,108,427,298,129,3.87,5.55,N10006
16854,2024-01-21,Platinum,81,49,27,5,103,461,361,100,4.46,5.69,N10008
16852,2024-01-21,Triple J,82,36,37,9,81,380,421,-41,5.13,4.63,N10009
16859,2024-01-28,OS Offices,76,34,37,5,73,348,360,-12,4.74,4.58,N10005
16856,2024-01-28,Orphans,78,51,19,8,110,433,300,133,3.85,5.55,N10006
16859,2024-01-28,Platinum,82,49,28,5,103,463,367,96,4.48,5.65,N10008
16856,2024-01-28,Triple J,83,36,38,9,81,382,427,-45,5.14,4.6,N10009
16857,2024-02-04,Ace,22,5,13,4,14,93,128,-35,5.82,4.23,N10002
16861,2024-02-04,Amos,78,39,31,8,86,382,333,49,4.27,4.9,N10001
16857,2024-02-04,Amos,79,40,31,8,88,389,336,53,4.25,4.92,N10001
16860,2024-02-04,OS Offices,77,35,37,5,75,351,360,-9,4.68,4.56,N10005
16860,2024-02-04,Orphans,79,51,20,8,110,433,303,130,3.84,5.48,N10006
16861,2024-02-04,Triple J,84,36,39,9,81,382,432,-50,5.14,4.55,N10009
16862,2024-02-11,Ace,23,6,13,4,16,103,135,-32,5.87,4.48,N10002
16858,2024-02-11,HollowBrook,80,52,22,6,110,527,318,209,3.98,6.59,N10003
16858,2024-02-11,Nelson,77,16,55,6,38,260,440,-180,5.71,3.38,N10004
16862,2024-02-11,Nelson,78,16,56,6,38,267,450,-183,5.77,3.42,N10004
16863,2024-02-18,HollowBrook,81,53,22,6,112,531,318,213,3.93,6.56,N10003
16863,2024-02-18,Platinum,83,49,29,5,103,463,371,92,4.47,5.58,N10008
16882,2024-02-24,OS Offices,78,35,38,5,75,354,364,-10,4.67,4.54,N10005
16882,2024-02-24,Platinum,84,50,29,5,105,467,374,93,4.45,5.56,N10008
16864,2024-02-25,Ace,24,6,14,4,16,105,141,-36,5.88,4.38,N10002
16867,2024-02-25,Amos,80,40,32,8,88,392,341,51,4.26,4.9,N10001
16867,2024-02-25,HollowBrook,82,54,22,6,114,536,321,215,3.91,6.54,N10003
16866,2024-02-25,Nelson,79,16,57,6,38,270,460,-190,5.82,3.42,N10004
16866,2024-02-25,OS Offices,79,36,38,5,77,364,367,-3,4.65,4.61,N10005
16864,2024-02-25,Orphans,80,52,20,8,112,439,305,134,3.81,5.49,N10006
16865,2024-02-25,Platinum,85,50,29,6,106,471,378,93,4.45,5.54,N10008
16865,2024-02-25,Triple J,85,36,39,10,82,386,436,-50,5.13,4.54,N10009
16869,2024-03-03,Ace,25,6,15,4,16,108,146,-38,5.84,4.32,N10002
16869,2024-03-03,HollowBrook,83,55,22,6,116,541,324,217,3.9,6.52,N10003
16868,2024-03-03,Nelson,80,16,58,6,38,273,465,-192,5.81,3.41,N10004
16870,2024-03-03,OS Offices,80,36,39,5,77,366,371,-5,4.64,4.58,N10005
16868,2024-03-03,Platinum,86,51,29,6,108,476,381,95,4.43,5.53,N10008
16870,2024-03-03,Triple J,86,37,39,10,84,390,438,-48,5.09,4.53,N10009
16871,2024-03-10,Amos,81,40,33,8,88,395,346,49,4.27,4.88,N10001
16875,2024-03-10,HollowBrook,84,56,22,6,118,545,327,218,3.89,6.49,N10003
16871,2024-03-10,Orphans,81,53,20,8,114,444,308,136,3.8,5.48,N10006
16875,2024-03-10,Triple J,87,37,40,10,84,393,442,-49,5.08,4.52,N10009
16880,2024-03-17,Ace,26,7,15,4,18,116,150,-34,5.77,4.46,N10002
16880,2024-03-17,Amos,82,40,34,8,88,399,354,45,4.32,4.87,N10001
16872,2024-03-17,Nelson,81,16,59,6,38,275,470,-195,5.8,3.4,N10004
16872,2024-03-17,Orphans,82,54,20,8,116,449,310,139,3.78,5.48,N10006
16873,2024-03-24,Amos,83,40,34,9,89,404,359,45,4.33,4.87,N10001
16881,2024-03-24,HollowBrook,85,57,22,6,120,552,333,219,3.92,6.49,N10003
16881,2024-03-24,Nelson,82,16,60,6,38,281,477,-196,5.82,3.43,N10004
16883,2024-03-24,Orphans,83,54,21,8,116,449,311,138,3.75,5.41,N10006
16873,2024-03-24,Platinum,87,51,29,7,109,481,386,95,4.44,5.53,N10008
16883,2024-03-24,Triple J,88,38,40,10,86,394,442,-48,5.02,4.48,N10009
16874,2024-03-31,Ace,27,8,15,4,20,124,154,-30,5.7,4.59,N10002
16874,2024-03-31,OS Offices,81,36,40,5,77,370,379,-9,4.68,4.57,N10005
16885,2024-04-07,Ace,28,8,16,4,20,124,157,-33,5.61,4.43,N10002
16884,2024-04-07,Amos,84,40,35,9,89,406,365,41,4.35,4.83,N10001
16886,2024-04-07,HollowBrook,86,57,23,6,120,556,339,217,3.94,6.47,N10003
16885,2024-04-07,Nelson,83,17,60,6,40,284,477,-193,5.75,3.42,N10004
16887,2024-04-07,OS Offices,82,37,40,5,79,375,381,-6,4.65,4.57,N10005
16887,2024-04-07,Orphans,84,54,22,8,116,451,316,135,3.76,5.37,N10006
16886,2024-04-07,Platinum,88,52,29,7,111,487,390,97,4.43,5.53,N10008
16884,2024-04-07,Triple J,89,39,40,10,88,400,444,-44,4.99,4.49,N10009
16891,2024-04-14,Ace,29,8,17,4,20,128,164,-36,5.66,4.41,N10002
16888,2024-04-14,HollowBrook,87,58,23,6,122,561,343,218,3.94,6.45,N10003
16889,2024-04-14,Nelson,84,17,61,6,40,289,485,-196,5.77,3.44,N10004
16891,2024-04-14,OS Offices,83,38,40,5,81,382,385,-3,4.64,4.6,N10005
16889,2024-04-14,Orphans,85,55,22,8,118,459,321,138,3.78,5.4,N10006
16888,2024-04-14,Triple J,90,39,41,10,88,404,449,-45,4.99,4.49,N10009
16894,2024-04-21,Ace,30,8,18,4,20,132,174,-42,5.8,4.4,N10002
16892,2024-04-21,Amos,85,41,35,9,91,409,367,42,4.32,4.81,N10001
16890,2024-04-21,Amos,86,42,35,9,93,416,370,46,4.3,4.84,N10001
16894,2024-04-21,HollowBrook,88,59,23,6,124,571,347,224,3.94,6.49,N10003
16893,2024-04-21,Nelson,85,17,62,6,40,291,493,-202,5.8,3.42,N10004
16895,2024-04-21,OS Offices,84,39,40,5,83,387,388,-1,4.62,4.61,N10005
16892,2024-04-21,Orphans,86,55,23,8,118,461,324,137,3.77,5.36,N10006
16893,2024-04-21,Platinum,89,53,29,7,113,495,392,103,4.4,5.56,N10008
16890,2024-04-21,Platinum,90,53,30,7,113,498,399,99,4.43,5.53,N10008
16895,2024-04-21,Triple J,91,39,42,10,88,407,454,-47,4.99,4.47,N10009
10014,2024-04-28,Amos,87,42,36,9,93,418,374,44,4.3,4.8,N10001
10014,2024-04-28,HollowBrook,89,60,23,6,126,575,349,226,3.92,6.46,N10003
10045,2024-04-28,Nelson,86,18,62,6,42,296,496,-200,5.77,3.44,N10004
10051,2024-04-28,OS Offices,85,40,40,5,85,393,390,3,4.59,4.62,N10005
10045,2024-04-28,Orphans,87,55,24,8,118,464,329,135,3.78,5.33,N10006
10051,2024-04-28,Triple J,92,39,43,10,88,409,460,-51,5.0,4.45,N10009
10003,2024-04-30,Ace,31,8,19,4,20,136,180,-44,5.81,4.39,N10002
10015,2024-04-30,Amos,88,43,36,9,95,423,378,45,4.3,4.81,N10001
10015,2024-04-30,Orphans,88,55,25,8,118,468,334,134,3.8,5.32,N10006
10003,2024-04-30,Triple J,93,40,43,10,90,415,464,-49,4.99,4.46,N10009
10035,2024-05-02,HollowBrook,90,61,23,6,128,581,351,230,3.9,6.46,N10003
10035,2024-05-02,Nelson,87,18,63,6,42,298,502,-204,5.77,3.43,N10004
10052,2024-05-02,OS Offices,86,41,40,5,87,398,394,4,4.58,4.63,N10005
10052,2024-05-02,Platinum,91,53,31,7,113,502,404,98,4.44,5.52,N10008
10016,2024-05-05,Amos,89,44,36,9,97,429,380,49,4.27,4.82,N10001
10046,2024-05-05,Nelson,88,19,63,6,44,302,503,-201,5.72,3.43,N10004
10016,2024-05-05,Platinum,92,53,32,7,113,504,410,94,4.46,5.48,N10008
10046,2024-05-05,Triple J,94,40,44,10,90,416,468,-52,4.98,4.43,N10009
10017,2024-05-08,Amos,90,45,36,9,99,436,384,52,4.27,4.84,N10001
10017,2024-05-08,Nelson,89,19,64,6,44,306,510,-204,5.73,3.44,N10004
10036,2024-05-09,HollowBrook,91,62,23,6,130,583,352,231,3.87,6.41,N10003
10036,2024-05-09,OS Offices,87,41,41,5,87,399,396,3,4.55,4.59,N10005
10018,2024-05-11,Amos,91,46,36,9,101,440,387,53,4.25,4.84,N10001
10018,2024-05-11,OS Offices,88,41,42,5,87,402,400,2,4.55,4.57,N10005
10019,2024-05-12,Amos,92,46,37,9,101,440,390,50,4.24,4.78,N10001
10019,2024-05-12,HollowBrook,92,63,23,6,132,586,352,234,3.83,6.37,N10003
17921,2024-08-11,Ace,32,9,19,4,22,141,184,-43,5.75,4.41,N10002
17918,2024-08-11,Amos,93,46,38,9,101,444,395,49,4.25,4.77,N10001
17920,2024-08-11,HollowBrook,93,63,23,7,133,588,354,234,3.81,6.32,N10003
17919,2024-08-11,Nelson,90,19,65,6,44,309,518,-209,5.76,3.43,N10004
17918,2024-08-11,OS Offices,89,42,42,5,89,407,404,3,4.54,4.57,N10005
17921,2024-08-11,Outlaws,1,0,1,0,0,4,5,-1,5.0,4.0,N10007
17919,2024-08-11,Platinum,93,54,32,7,115,512,413,99,4.44,5.51,N10008
17920,2024-08-11,Triple J,95,40,44,11,91,418,470,-52,4.95,4.4,N10009
17923,2024-08-18,Amos,94,47,38,9,103,450,395,55,4.2,4.79,N10001
17924,2024-08-18,HollowBrook,94,64,23,7,135,594,356,238,3.79,6.32,N10003
17923,2024-08-18,Nelson,91,19,66,6,44,309,524,-215,5.76,3.4,N10004
17924,2024-08-18,OS Offices,90,42,43,5,89,409,410,-1,4.56,4.54,N10005
17926,2024-08-18,Orphans,89,55,26,8,118,469,340,129,3.82,5.27,N10006
17925,2024-08-18,Outlaws,2,0,2,0,0,6,11,-5,5.5,3.0,N10007
17925,2024-08-18,Platinum,94,55,32,7,117,518,415,103,4.41,5.51,N10008
17926,2024-08-18,Triple J,96,41,44,11,93,424,471,-47,4.91,4.42,N10009
17931,2024-08-25,Ace,33,9,20,4,22,146,196,-50,5.94,4.42,N10002
17929,2024-08-25,Amos,95,48,38,9,105,456,396,60,4.17,4.8,N10001
17928,2024-08-25,HollowBrook,95,65,23,7,137,600,360,240,3.79,6.32,N10003
17928,2024-08-25,Nelson,92,19,67,6,44,313,530,-217,5.76,3.4,N10004
17930,2024-08-25,OS Offices,91,43,43,5,91,415,411,4,4.52,4.56,N10005
17930,2024-08-25,Orphans,90,55,27,8,118,470,346,124,3.84,5.22,N10006
17929,2024-08-25,Outlaws,3,0,3,0,0,7,17,-10,5.67,2.33,N10007
17931,2024-08-25,Platinum,95,56,32,7,119,530,420,110,4.42,5.58,N10008
17935,2024-09-01,Ace,34,9,21,4,22,149,203,-54,5.97,4.38,N10002
17935,2024-09-01,Amos,96,49,38,9,107,463,399,64,4.16,4.82,N10001
17933,2024-09-01,HollowBrook,96,66,23,7,139,607,361,246,3.76,6.32,N10003
17934,2024-09-01,Nelson,93,20,67,6,46,320,535,-215,5.75,3.44,N10004
17936,2024-09-01,OS Offices,92,43,43,6,92,419,415,4,4.51,4.55,N10005
17934,2024-09-01,Orphans,91,55,28,8,118,475,353,122,3.88,5.22,N10006
17933,2024-09-01,Outlaws,4,0,4,0,0,8,24,-16,6.0,2.0,N10007
17936,2024-09-01,Triple J,97,41,44,12,94,428,475,-47,4.9,4.41,N10009
17939,2024-09-08,Ace,35,10,21,4,24,153,205,-52,5.86,4.37,N10002
17941,2024-09-08,Amos,97,49,39,9,107,465,405,60,4.18,4.79,N10001
17939,2024-09-08,HollowBrook,97,66,24,7,139,609,365,244,3.76,6.28,N10003
17940,2024-09-08,Nelson,94,21,67,6,48,323,536,-213,5.7,3.44,N10004
17938,2024-09-08,Orphans,92,56,28,8,120,481,356,125,3.87,5.23,N10006
17938,2024-09-08,Outlaws,5,0,5,0,0,11,30,-19,6.0,2.2,N10007
17941,2024-09-08,Platinum,96,57,32,7,121,536,422,114,4.4,5.58,N10008
17940,2024-09-08,Triple J,98,41,45,12,94,429,478,-49,4.88,4.38,N10009
17943,2024-09-15,Ace,36,10,22,4,24,153,209,-56,5.81,4.25,N10002
17945,2024-09-15,HollowBrook,98,67,24,7,141,613,366,247,3.73,6.26,N10003
17946,2024-09-15,Nelson,95,21,68,6,48,328,544,-216,5.73,3.45,N10004
17946,2024-09-15,OS Offices,93,44,43,6,94,427,420,7,4.52,4.59,N10005
17943,2024-09-15,Orphans,93,57,28,8,122,485,356,129,3.83,5.22,N10006
17944,2024-09-15,Outlaws,6,0,5,1,1,14,33,-19,5.5,2.33,N10007
17945,2024-09-15,Platinum,97,57,33,7,121,537,426,111,4.39,5.54,N10008
17944,2024-09-15,Triple J,99,41,45,13,95,432,481,-49,4.86,4.36,N10009
17948,2024-09-22,Ace,37,10,23,4,24,157,216,-59,5.84,4.24,N10002
17951,2024-09-22,Amos,98,49,39,10,108,469,409,60,4.17,4.79,N10001
17951,2024-09-22,HollowBrook,99,67,24,8,142,617,370,247,3.74,6.23,N10003
17950,2024-09-22,OS Offices,94,45,43,6,96,432,424,8,4.51,4.6,N10005
17949,2024-09-22,Orphans,94,57,29,8,122,488,366,122,3.89,5.19,N10006
17950,2024-09-22,Outlaws,7,0,6,1,1,18,38,-20,5.43,2.57,N10007
17949,2024-09-22,Platinum,98,58,33,7,123,547,429,118,4.38,5.58,N10008
17948,2024-09-22,Triple J,100,42,45,13,97,439,485,-46,4.85,4.39,N10009
17954,2024-09-29,Ace,38,10,24,4,24,158,221,-63,5.82,4.16,N10002
17956,2024-09-29,Nelson,96,22,68,6,50,337,550,-213,5.73,3.51,N10004
17954,2024-09-29,OS Offices,95,46,43,6,98,437,425,12,4.47,4.6,N10005
17956,2024-09-29,Outlaws,8,0,7,1,1,24,47,-23,5.88,3.0,N10007
17953,2024-09-29,Platinum,99,58,34,7,123,550,435,115,4.39,5.56,N10008
17953,2024-09-29,Triple J,101,43,45,13,99,445,488,-43,4.83,4.41,N10009
17960,2024-10-06,Ace,39,10,25,4,24,162,229,-67,5.87,4.15,N10002
17959,2024-10-06,Amos,99,50,39,10,110,472,410,62,4.14,4.77,N10001
17961,2024-10-06,HollowBrook,100,67,24,9,143,622,375,247,3.75,6.22,N10003
17960,2024-10-06,Nelson,97,23,68,6,52,345,554,-209,5.71,3.56,N10004
17958,2024-10-06,OS Offices,96,46,44,6,98,439,430,9,4.48,4.57,N10005
17961,2024-10-06,Orphans,95,57,29,9,123,493,371,122,3.91,5.19,N10006
17958,2024-10-06,Platinum,100,59,34,7,125,555,437,118,4.37,5.55,N10008
17959,2024-10-06,Triple J,102,43,46,13,99,446,491,-45,4.81,4.37,N10009
17966,2024-10-13,Ace,40,10,25,5,25,164,231,-67,5.78,4.1,N10002
17963,2024-10-13,Amos,100,50,40,10,110,474,416,58,4.16,4.74,N10001
17965,2024-10-13,HollowBrook,101,68,24,9,145,627,379,248,3.75,6.21,N10003
17964,2024-10-13,Nelson,98,23,69,6,52,347,557,-210,5.68,3.54,N10004
17963,2024-10-13,OS Offices,97,47,44,6,100,445,432,13,4.45,4.59,N10005
17966,2024-10-13,Outlaws,9,0,7,2,2,26,49,-23,5.44,2.89,N10007
17964,2024-10-13,Platinum,101,60,34,7,127,558,439,119,4.35,5.52,N10008
17965,2024-10-13,Triple J,103,43,47,13,99,450,496,-46,4.82,4.37,N10009
17968,2024-10-20,Amos,101,51,40,10,112,484,417,67,4.13,4.79,N10001
17969,2024-10-20,HollowBrook,102,68,25,9,145,629,383,246,3.75,6.17,N10003
17968,2024-10-20,Nelson,99,23,70,6,52,348,567,-219,5.73,3.52,N10004
17969,2024-10-20,OS Offices,98,48,44,6,102,449,434,15,4.43,4.58,N10005
17971,2024-10-20,Orphans,96,57,30,9,123,497,377,120,3.93,5.18,N10006
17970,2024-10-20,Outlaws,10,1,7,2,4,31,53,-22,5.3,3.1,N10007
17970,2024-10-20,Platinum,102,60,35,7,127,562,444,118,4.35,5.51,N10008
17971,2024-10-20,Triple J,104,44,47,13,101,456,500,-44,4.81,4.38,N10009
17976,2024-10-27,Ace,41,10,26,5,25,166,240,-74,5.85,4.05,N10002
17974,2024-10-27,Amos,102,52,40,10,114,489,417,72,4.09,4.79,N10001
17973,2024-10-27,HollowBrook,103,69,25,9,147,634,385,249,3.74,6.16,N10003
17973,2024-10-27,Nelson,100,23,71,6,52,350,572,-222,5.72,3.5,N10004
17975,2024-10-27,OS Offices,99,48,45,6,102,451,437,14,4.41,4.56,N10005
17975,2024-10-27,Orphans,97,58,30,9,125,500,379,121,3.91,5.15,N10006
17974,2024-10-27,Outlaws,11,1,8,2,4,31,58,-27,5.27,2.82,N10007
17976,2024-10-27,Platinum,103,61,35,7,129,571,446,125,4.33,5.54,N10008
17980,2024-11-03,Ace,42,10,27,5,25,169,244,-75,5.81,4.02,N10002
17980,2024-11-03,Amos,103,53,40,10,116,493,420,73,4.08,4.79,N10001
17978,2024-11-03,HollowBrook,104,70,25,9,149,643,385,258,3.7,6.18,N10003
17979,2024-11-03,Nelson,101,23,72,6,52,354,577,-223,5.71,3.5,N10004
17981,2024-11-03,OS Offices,100,49,45,6,104,457,441,16,4.41,4.57,N10005
17979,2024-11-03,Orphans,98,59,30,9,127,505,383,122,3.91,5.15,N10006
17978,2024-11-03,Outlaws,12,1,9,2,4,31,67,-36,5.58,2.58,N10007
17981,2024-11-03,Triple J,105,44,48,13,101,460,506,-46,4.82,4.38,N10009
17984,2024-11-10,Ace,43,10,28,5,25,171,252,-81,5.86,3.98,N10002
17986,2024-11-10,Amos,104,54,40,10,118,498,424,74,4.08,4.79,N10001
17984,2024-11-10,HollowBrook,105,71,25,9,151,651,387,264,3.69,6.2,N10003
17985,2024-11-10,Nelson,102,23,72,7,53,356,579,-223,5.68,3.49,N10004
17983,2024-11-10,Orphans,99,60,30,9,129,511,388,123,3.92,5.16,N10006
17983,2024-11-10,Outlaws,13,1,10,2,4,36,73,-37,5.62,2.77,N10007
17986,2024-11-10,Platinum,104,61,36,7,129,575,451,124,4.34,5.53,N10008
17985,2024-11-10,Triple J,106,44,48,14,102,462,508,-46,4.79,4.36,N10009
17988,2024-11-17,Ace,44,10,29,5,25,174,258,-84,5.86,3.95,N10002
17990,2024-11-17,HollowBrook,106,71,26,9,151,653,392,261,3.7,6.16,N10003
17991,2024-11-17,Nelson,103,23,72,8,54,361,584,-223,5.67,3.5,N10004
17991,2024-11-17,OS Offices,101,49,45,7,105,462,446,16,4.42,4.57,N10005
17988,2024-11-17,Orphans,100,61,30,9,131,517,391,126,3.91,5.17,N10006
17989,2024-11-17,Outlaws,14,1,11,2,4,40,79,-39,5.64,2.86,N10007
17990,2024-11-17,Platinum,105,62,36,7,131,580,453,127,4.31,5.52,N10008
17989,2024-11-17,Triple J,107,45,48,14,104,468,512,-44,4.79,4.37,N10009
17993,2024-11-24,Ace,45,10,30,5,25,177,266,-89,5.91,3.93,N10002
17996,2024-11-24,Amos,105,54,41,10,118,500,428,72,4.08,4.76,N10001
17996,2024-11-24,HollowBrook,107,72,26,9,153,657,394,263,3.68,6.14,N10003
17995,2024-11-24,OS Offices,102,49,46,7,105,464,449,15,4.4,4.55,N10005
17994,2024-11-24,Orphans,101,61,30,10,132,521,395,126,3.91,5.16,N10006
17995,2024-11-24,Outlaws,15,2,11,2,6,43,81,-38,5.4,2.87,N10007
17994,2024-11-24,Platinum,106,62,36,8,132,584,457,127,4.31,5.51,N10008
17993,2024-11-24,Triple J,108,46,48,14,106,476,515,-39,4.77,4.41,N10009
18005,2024-12-15,Ace,46,10,31,5,25,183,274,-91,5.96,3.98,N10002
18004,2024-12-15,Amos,106,54,42,10,118,505,435,70,4.1,4.76,N10001
18006,2024-12-15,HollowBrook,108,73,26,9,155,662,396,266,3.67,6.13,N10003
18005,2024-12-15,Nelson,104,24,72,8,56,369,590,-221,5.67,3.55,N10004
18003,2024-12-15,OS Offices,103,49,47,7,105,468,456,12,4.43,4.54,N10005
18006,2024-12-15,Orphans,102,61,31,10,132,523,400,123,3.92,5.13,N10006
18003,2024-12-15,Platinum,107,63,36,8,134,591,461,130,4.31,5.52,N10008
18004,2024-12-15,Triple J,109,47,48,14,108,483,520,-37,4.77,4.43,N10009
18011,2024-12-22,Ace,47,10,31,6,26,188,279,-91,5.94,4.0,N10002
18008,2024-12-22,Amos,107,54,43,10,118,509,442,67,4.13,4.76,N10001
18010,2024-12-22,HollowBrook,109,73,27,9,155,665,400,265,3.67,6.1,N10003
18009,2024-12-22,Nelson,105,24,72,9,57,373,594,-221,5.66,3.55,N10004
18008,2024-12-22,OS Offices,104,50,47,7,107,475,460,15,4.42,4.57,N10005
18011,2024-12-22,Outlaws,16,2,11,3,7,48,86,-38,5.38,3.0,N10007
18009,2024-12-22,Platinum,108,63,36,9,135,595,465,130,4.31,5.51,N10008
18010,2024-12-22,Triple J,110,48,48,14,110,487,523,-36,4.75,4.43,N10009
17955,2024-12-29,Amos,108,54,44,10,118,511,446,65,4.13,4.73,N10001
17955,2024-12-29,Orphans,103,62,31,10,134,527,402,125,3.9,5.12,N10006
18013,2025-01-05,Amos,109,54,45,10,118,513,457,56,4.19,4.71,N10001
18014,2025-01-05,HollowBrook,110,73,28,9,155,667,404,263,3.67,6.06,N10003
18013,2025-01-05,Nelson,106,25,72,9,59,384,596,-212,5.62,3.62,N10004
18014,2025-01-05,OS Offices,105,51,47,7,109,479,462,17,4.4,4.56,N10005
18016,2025-01-05,Orphans,104,62,32,10,134,529,407,122,3.91,5.09,N10006
18015,2025-01-05,Outlaws,17,2,12,3,7,48,90,-42,5.29,2.82,N10007
18015,2025-01-05,Platinum,109,64,36,9,137,599,465,134,4.27,5.5,N10008
18016,2025-01-05,Triple J,111,49,48,14,112,492,525,-33,4.73,4.43,N10009
18021,2025-01-12,Ace,48,10,32,6,26,188,289,-101,6.02,3.92,N10002
18019,2025-01-12,Amos,110,54,46,10,118,516,462,54,4.2,4.69,N10001
18018,2025-01-12,HollowBrook,111,73,28,10,156,673,410,263,3.69,6.06,N10003
18018,2025-01-12,Nelson,107,25,72,10,60,390,602,-212,5.63,3.64,N10004
18020,2025-01-12,OS Offices,106,52,47,7,111,481,463,18,4.37,4.54,N10005
18020,2025-01-12,Orphans,105,62,33,10,134,530,409,121,3.9,5.05,N10006
18019,2025-01-12,Outlaws,18,3,12,3,9,53,93,-40,5.17,2.94,N10007
18021,2025-01-12,Platinum,110,65,36,9,139,609,465,144,4.23,5.54,N10008
18025,2025-01-26,Ace,49,10,33,6,26,190,297,-107,6.06,3.88,N10002
18025,2025-01-26,Amos,111,55,46,10,120,524,464,60,4.18,4.72,N10001
18023,2025-01-26,HollowBrook,112,74,28,10,158,680,410,270,3.66,6.07,N10003
18024,2025-01-26,Nelson,108,25,73,10,60,391,609,-218,5.64,3.62,N10004
10826,2025-01-26,OS Offices,107,53,47,7,113,485,466,19,4.36,4.53,N10005
18024,2025-01-26,Orphans,106,63,33,10,136,537,410,127,3.87,5.07,N10006
18023,2025-01-26,Outlaws,19,3,13,3,9,53,100,-47,5.26,2.79,N10007
10826,2025-01-26,Triple J,112,49,49,14,112,495,529,-34,4.72,4.42,N10009
18029,2025-02-02,Ace,50,10,34,6,26,194,305,-111,6.1,3.88,N10002
18031,2025-02-02,Amos,112,56,46,10,122,528,467,61,4.17,4.71,N10001
18029,2025-02-02,HollowBrook,113,75,28,10,160,688,414,274,3.66,6.09,N10003
18030,2025-02-02,Nelson,109,26,73,10,62,396,611,-215,5.61,3.63,N10004
18028,2025-02-02,Orphans,107,64,33,10,138,542,414,128,3.87,5.07,N10006
18028,2025-02-02,Outlaws,20,3,14,3,9,57,105,-48,5.25,2.85,N10007
18031,2025-02-02,Platinum,111,65,37,9,139,612,469,143,4.23,5.51,N10008
18030,2025-02-02,Triple J,113,49,50,14,112,497,534,-37,4.73,4.4,N10009
18033,2025-02-09,Ace,51,11,34,6,28,201,309,-108,6.06,3.94,N10002
18035,2025-02-09,HollowBrook,114,75,28,11,161,690,416,274,3.65,6.05,N10003
18036,2025-02-09,Nelson,110,27,73,10,64,400,613,-213,5.57,3.64,N10004
18036,2025-02-09,OS Offices,108,53,48,7,113,487,470,17,4.35,4.51,N10005
18033,2025-02-09,Orphans,108,64,34,10,138,546,421,125,3.9,5.06,N10006
18034,2025-02-09,Outlaws,21,4,14,3,11,66,109,-43,5.19,3.14,N10007
18035,2025-02-09,Platinum,112,65,37,10,140,614,471,143,4.21,5.48,N10008
18034,2025-02-09,Triple J,114,49,51,14,112,501,543,-42,4.76,4.39,N10009
18038,2025-02-23,Ace,52,11,35,6,28,202,313,-111,6.02,3.88,N10002
18041,2025-02-23,Amos,113,57,46,10,124,534,472,62,4.18,4.73,N10001
18041,2025-02-23,HollowBrook,115,75,29,11,161,695,422,273,3.67,6.04,N10003
18040,2025-02-23,OS Offices,109,53,48,8,114,489,472,17,4.33,4.49,N10005
18039,2025-02-23,Orphans,109,64,34,11,139,551,426,125,3.91,5.06,N10006
18040,2025-02-23,Outlaws,22,4,14,4,12,68,111,-43,5.05,3.09,N10007
18039,2025-02-23,Platinum,113,65,37,11,141,619,476,143,4.21,5.48,N10008
18038,2025-02-23,Triple J,115,50,51,14,114,505,544,-39,4.73,4.39,N10009
18044,2025-03-02,Ace,53,12,35,6,30,206,316,-110,5.96,3.89,N10002
18045,2025-03-02,Amos,114,58,46,10,126,541,477,64,4.18,4.75,N10001
18046,2025-03-02,Nelson,111,28,73,10,66,406,616,-210,5.55,3.66,N10004
18044,2025-03-02,OS Offices,110,53,49,8,114,492,476,16,4.33,4.47,N10005
18045,2025-03-02,Orphans,110,64,35,11,139,556,433,123,3.94,5.05,N10006
18046,2025-03-02,Outlaws,23,4,15,4,12,71,117,-46,5.09,3.09,N10007
18043,2025-03-02,Platinum,114,66,37,11,143,622,477,145,4.18,5.46,N10008
18043,2025-03-02,Triple J,116,50,52,14,114,506,547,-41,4.72,4.36,N10009
18050,2025-03-09,Ace,54,12,35,7,31,210,320,-110,5.93,3.89,N10002
18049,2025-03-09,Amos,115,58,47,10,126,545,483,62,4.2,4.74,N10001
18051,2025-03-09,HollowBrook,116,76,29,11,163,699,425,274,3.66,6.03,N10003
18050,2025-03-09,Nelson,112,28,73,11,67,410,620,-210,5.54,3.66,N10004
18048,2025-03-09,OS Offices,111,53,50,8,114,495,482,13,4.34,4.46,N10005
18051,2025-03-09,Orphans,111,64,36,11,139,559,437,122,3.94,5.04,N10006
18048,2025-03-09,Platinum,115,67,37,11,145,628,480,148,4.17,5.46,N10008
18049,2025-03-09,Triple J,117,51,52,14,116,512,551,-39,4.71,4.38,N10009
17999,2025-03-16,Ace,55,13,35,7,33,216,325,-109,5.91,3.93,N10002
18000,2025-03-16,Amos,116,59,47,10,128,552,485,67,4.18,4.76,N10001
18001,2025-03-16,Nelson,113,28,74,11,67,410,623,-213,5.51,3.63,N10004
17999,2025-03-16,OS Offices,112,53,51,8,114,500,488,12,4.36,4.46,N10005
18000,2025-03-16,Orphans,112,64,37,11,139,561,444,117,3.96,5.01,N10006
18001,2025-03-16,Outlaws,24,5,15,4,14,74,117,-43,4.88,3.08,N10007
17998,2025-03-16,Platinum,116,68,37,11,147,632,483,149,4.16,5.45,N10008
17998,2025-03-16,Triple J,118,51,53,14,116,515,555,-40,4.7,4.36,N10009
10072,2025-03-23,Ace,56,13,36,7,33,220,332,-112,5.93,3.93,N10002
10072,2025-03-23,Nelson,114,29,74,11,69,417,627,-210,5.5,3.66,N10004
10071,2025-03-23,OS Offices,113,54,51,8,116,505,492,13,4.35,4.47,N10005
10070,2025-03-23,Orphans,113,64,38,11,139,562,449,113,3.97,4.97,N10006
10071,2025-03-23,Outlaws,25,5,16,4,14,78,122,-44,4.88,3.12,N10007
10070,2025-03-23,Triple J,119,52,53,14,118,520,556,-36,4.67,4.37,N10009
10069,2025-03-30,Ace,57,13,37,7,33,222,344,-122,6.04,3.89,N10002
10067,2025-03-30,Amos,117,60,47,10,130,557,488,69,4.17,4.76,N10001
10068,2025-03-30,HollowBrook,117,77,29,11,165,705,427,278,3.65,6.03,N10003
10067,2025-03-30,Orphans,114,64,39,11,139,565,454,111,3.98,4.96,N10006
10068,2025-03-30,Outlaws,26,5,17,4,14,80,128,-48,4.92,3.08,N10007
10069,2025-03-30,Platinum,117,69,37,11,149,644,485,159,4.15,5.5,N10008
10064,2025-04-06,Amos,118,60,48,10,130,558,490,68,4.15,4.73,N10001
10065,2025-04-06,HollowBrook,118,78,29,11,167,714,427,287,3.62,6.05,N10003
10066,2025-04-06,Nelson,115,30,74,11,71,421,630,-209,5.48,3.66,N10004
10065,2025-04-06,OS Offices,114,54,52,8,116,505,501,4,4.39,4.43,N10005
10066,2025-04-06,Platinum,118,69,38,11,149,647,489,158,4.14,5.48,N10008
10064,2025-04-06,Triple J,120,53,53,14,120,522,557,-35,4.64,4.35,N10009
10074,2025-04-13,HollowBrook,119,79,29,11,169,718,429,289,3.61,6.03,N10003
10073,2025-04-13,Nelson,116,30,75,11,71,425,637,-212,5.49,3.66,N10004
10074,2025-04-13,Platinum,119,69,39,11,149,649,493,156,4.14,5.45,N10008
10073,2025-04-13,Triple J,121,54,53,14,122,529,561,-32,4.64,4.37,N10009
10063,2025-04-27,HollowBrook,120,79,30,11,169,719,431,288,3.59,5.99,N10003
10063,2025-04-27,Triple J,122,55,53,14,124,531,562,-31,4.61,4.35,N10009
18619,2025-07-13,Green,1,1,0,0,2,5,4,1,4.0,5.0,N10023
18619,2025-07-13,Red,1,0,1,0,0,4,5,-1,5.0,4.0,N10022
18954,2025-08-10,Ace,58,13,38,7,33,226,350,-124,6.03,3.9,N10002
18953,2025-08-10,Amos,119,60,49,10,130,561,495,66,4.16,4.71,N10001
18956,2025-08-10,HollowBrook,121,80,30,11,171,725,433,292,3.58,5.99,N10003
18953,2025-08-10,Nelson,117,31,75,11,73,430,640,-210,5.47,3.68,N10004
18954,2025-08-10,OS Offices,115,55,52,8,118,511,505,6,4.39,4.44,N10005
18955,2025-08-10,Orphans,115,64,40,11,139,566,459,107,3.99,4.92,N10006
18957,2025-08-10,Outlaws,27,5,17,5,15,84,132,-48,4.89,3.11,N10007
18957,2025-08-10,Platinum,120,69,39,12,150,653,497,156,4.14,5.44,N10008
18956,2025-08-10,Triple J,123,55,54,14,124,533,568,-35,4.62,4.33,N10009
18955,2025-08-10,Velodrome,1,1,0,0,2,5,1,4,1.0,5.0,N10010
18961,2025-08-17,Ace,59,14,38,7,35,231,352,-121,5.97,3.92,N10002
18959,2025-08-17,Amos,120,60,50,10,130,562,503,59,4.19,4.68,N10001
18960,2025-08-17,HollowBrook,122,80,31,11,171,726,438,288,3.59,5.95,N10003
18962,2025-08-17,Nelson,118,32,75,11,75,434,641,-207,5.43,3.68,N10004
18958,2025-08-17,OS Offices,116,55,53,8,118,515,512,3,4.41,4.44,N10005
18960,2025-08-17,Orphans,116,65,40,11,141,571,460,111,3.97,4.92,N10006
18958,2025-08-17,Outlaws,28,6,17,5,17,91,136,-45,4.86,3.25,N10007
18961,2025-08-17,Platinum,121,69,40,12,150,655,502,153,4.15,5.41,N10008
18962,2025-08-17,Triple J,124,55,55,14,124,534,572,-38,4.61,4.31,N10009
18959,2025-08-17,Velodrome,2,2,0,0,4,13,2,11,1.0,6.5,N10010
18967,2025-08-24,Ace,60,14,38,8,36,235,356,-121,5.93,3.92,N10002
18963,2025-08-24,Amos,121,61,50,10,132,569,508,61,4.2,4.7,N10001
18967,2025-08-24,HollowBrook,123,80,31,12,172,730,442,288,3.59,5.93,N10003
18966,2025-08-24,Nelson,119,32,76,11,75,438,648,-210,5.45,3.68,N10004
18965,2025-08-24,OS Offices,117,56,53,8,120,519,514,5,4.39,4.44,N10005
18964,2025-08-24,Orphans,117,66,40,11,143,578,461,117,3.94,4.94,N10006
18964,2025-08-24,Outlaws,29,6,18,5,17,92,143,-51,4.93,3.17,N10007
18966,2025-08-24,Platinum,122,70,40,12,152,662,506,156,4.15,5.43,N10008
18963,2025-08-24,Triple J,125,55,56,14,124,539,579,-40,4.63,4.31,N10009
18965,2025-08-24,Velodrome,3,2,1,0,4,15,6,9,2.0,5.0,N10010
18970,2025-09-07,Ace,61,14,38,9,37,238,359,-121,5.89,3.9,N10002
18972,2025-09-07,Amos,122,61,50,11,133,570,509,61,4.17,4.67,N10001
18972,2025-09-07,HollowBrook,124,80,31,13,173,731,443,288,3.57,5.9,N10003
18968,2025-09-07,Nelson,120,33,76,11,77,447,654,-207,5.45,3.73,N10004
18968,2025-09-07,OS Offices,118,56,54,8,120,525,523,2,4.43,4.45,N10005
18971,2025-09-07,Orphans,118,66,41,11,143,580,466,114,3.95,4.92,N10006
18970,2025-09-07,Outlaws,30,6,18,6,18,95,146,-51,4.87,3.17,N10007
18969,2025-09-07,Platinum,123,71,40,12,154,666,509,157,4.14,5.41,N10008
18971,2025-09-07,Triple J,126,56,56,14,126,544,581,-37,4.61,4.32,N10009
18969,2025-09-07,Velodrome,4,2,2,0,4,18,10,8,2.5,4.5,N10010
18976,2025-09-14,Ace,62,14,39,9,37,241,366,-125,5.9,3.89,N10002
18975,2025-09-14,Amos,123,61,51,11,133,572,518,54,4.21,4.65,N10001
18977,2025-09-14,HollowBrook,125,80,32,13,173,733,447,286,3.58,5.86,N10003
18976,2025-09-14,Nelson,121,34,76,11,79,454,657,-203,5.43,3.75,N10004
18975,2025-09-14,OS Offices,119,57,54,8,122,534,525,9,4.41,4.49,N10005
18973,2025-09-14,Orphans,119,66,42,11,143,583,471,112,3.96,4.9,N10006
18974,2025-09-14,Outlaws,31,7,18,6,20,101,147,-46,4.74,3.26,N10007
18973,2025-09-14,Platinum,124,72,40,12,156,671,512,159,4.13,5.41,N10008
18974,2025-09-14,Triple J,127,56,57,14,126,545,587,-42,4.62,4.29,N10009
18977,2025-09-14,Velodrome,5,3,2,0,6,22,12,10,2.4,4.4,N10010
18978,2025-09-28,Ace,63,15,39,9,39,246,368,-122,5.84,3.9,N10002
18980,2025-09-28,Amos,124,61,52,11,133,573,523,50,4.22,4.62,N10001
18979,2025-09-28,HollowBrook,126,80,33,13,173,736,452,284,3.59,5.84,N10003
18981,2025-09-28,Nelson,122,35,76,11,81,456,658,-202,5.39,3.74,N10004
18982,2025-09-28,OS Offices,120,57,54,9,123,543,534,9,4.45,4.53,N10005
18982,2025-09-28,Orphans,120,66,42,12,144,592,480,112,4.0,4.93,N10006
18979,2025-09-28,Outlaws,32,8,18,6,22,106,150,-44,4.69,3.31,N10007
18980,2025-09-28,Platinum,125,73,40,12,158,676,513,163,4.1,5.41,N10008
18978,2025-09-28,Triple J,128,56,58,14,126,547,592,-45,4.62,4.27,N10009
18981,2025-09-28,Velodrome,6,3,3,0,6,23,14,9,2.33,3.83,N10010
18984,2025-10-05,Ace,64,16,39,9,41,252,371,-119,5.8,3.94,N10002
18984,2025-10-05,Amos,125,61,53,11,133,576,529,47,4.23,4.61,N10001
18983,2025-10-05,HollowBrook,127,80,33,14,174,740,456,284,3.59,5.83,N10003
18986,2025-10-05,Nelson,123,35,77,11,81,460,668,-208,5.43,3.74,N10004
18985,2025-10-05,OS Offices,121,58,54,9,125,548,537,11,4.44,4.53,N10005
18986,2025-10-05,Orphans,121,67,42,12,146,602,484,118,4.0,4.98,N10006
18987,2025-10-05,Outlaws,33,8,19,6,22,106,151,-45,4.58,3.21,N10007
18983,2025-10-05,Platinum,126,73,40,13,159,680,517,163,4.1,5.4,N10008
18985,2025-10-05,Triple J,129,56,59,14,126,550,597,-47,4.63,4.26,N10009
18987,2025-10-05,Velodrome,7,4,3,0,8,24,14,10,2.0,3.43,N10010
18988,2025-10-12,Ace,65,17,39,9,43,259,373,-114,5.74,3.98,N10002
18992,2025-10-12,Amos,126,61,54,11,133,578,535,43,4.25,4.59,N10001
18989,2025-10-12,HollowBrook,128,80,34,14,174,741,459,282,3.59,5.79,N10003
18989,2025-10-12,Nelson,124,36,77,11,83,463,669,-206,5.4,3.73,N10004
18990,2025-10-12,OS Offices,122,59,54,9,127,555,542,13,4.44,4.55,N10005
18988,2025-10-12,Orphans,122,67,43,12,146,604,491,113,4.02,4.95,N10006
18992,2025-10-12,Outlaws,34,9,19,6,24,112,153,-41,4.5,3.29,N10007
18990,2025-10-12,Platinum,127,73,41,13,159,685,524,161,4.13,5.39,N10008
18991,2025-10-12,Triple J,130,56,60,14,126,551,602,-51,4.63,4.24,N10009
18991,2025-10-12,Velodrome,8,5,3,0,10,29,15,14,1.88,3.62,N10010
18993,2025-10-19,Ace,66,17,40,9,43,260,375,-115,5.68,3.94,N10002
18994,2025-10-19,Amos,127,61,54,12,134,580,537,43,4.23,4.57,N10001
18996,2025-10-19,HollowBrook,129,80,35,14,174,744,467,277,3.62,5.77,N10003
18995,2025-10-19,Nelson,125,36,78,11,83,464,674,-210,5.39,3.71,N10004
18996,2025-10-19,OS Offices,123,60,54,9,129,563,545,18,4.43,4.58,N10005
18994,2025-10-19,Orphans,123,67,43,13,147,606,493,113,4.01,4.93,N10006
18995,2025-10-19,Outlaws,35,10,19,6,26,117,154,-37,4.4,3.34,N10007
18997,2025-10-19,Platinum,128,74,41,13,161,692,527,165,4.12,5.41,N10008
18997,2025-10-19,Triple J,131,56,61,14,126,554,609,-55,4.65,4.23,N10009
18993,2025-10-19,Velodrome,9,6,3,0,12,31,16,15,1.78,3.44,N10010
19002,2025-10-26,Ace,67,17,41,9,43,264,381,-117,5.69,3.94,N10002
18999,2025-10-26,Amos,128,62,54,12,136,588,543,45,4.24,4.59,N10001
19000,2025-10-26,HollowBrook,130,81,35,14,176,749,469,280,3.61,5.76,N10003
18999,2025-10-26,Nelson,126,36,79,11,83,470,682,-212,5.41,3.73,N10004
19002,2025-10-26,OS Offices,124,61,54,9,131,569,549,20,4.43,4.59,N10005
18998,2025-10-26,Orphans,124,68,43,13,149,612,497,115,4.01,4.94,N10006
19001,2025-10-26,Outlaws,36,10,19,7,27,121,158,-37,4.39,3.36,N10007
19001,2025-10-26,Platinum,129,74,41,14,162,696,531,165,4.12,5.4,N10008
19000,2025-10-26,Triple J,132,56,62,14,126,556,614,-58,4.65,4.21,N10009
18998,2025-10-26,Velodrome,10,6,4,0,12,35,22,13,2.2,3.5,N10010
19006,2025-11-02,Ace,68,17,42,9,43,266,389,-123,5.72,3.91,N10002
19007,2025-11-02,Amos,129,62,55,12,136,592,548,44,4.25,4.59,N10001
19004,2025-11-02,HollowBrook,131,82,35,14,178,753,472,281,3.6,5.75,N10003
19005,2025-11-02,Nelson,127,37,79,11,85,477,683,-206,5.38,3.76,N10004
19003,2025-11-02,OS Offices,125,61,55,9,131,572,555,17,4.44,4.58,N10005
19004,2025-11-02,Orphans,125,68,44,13,149,615,501,114,4.01,4.92,N10006
19003,2025-11-02,Outlaws,37,11,19,7,29,127,161,-34,4.35,3.43,N10007
19006,2025-11-02,Platinum,130,75,41,14,164,704,533,171,4.1,5.42,N10008
19005,2025-11-02,Triple J,133,56,63,14,126,557,621,-64,4.67,4.19,N10009
19007,2025-11-02,Velodrome,11,7,4,0,14,40,26,14,2.36,3.64,N10010
19010,2025-11-09,Ace,69,18,42,9,45,270,392,-122,5.68,3.91,N10002
19008,2025-11-09,Amos,130,62,56,12,136,596,553,43,4.25,4.58,N10001
19010,2025-11-09,HollowBrook,132,82,36,14,178,756,476,280,3.61,5.73,N10003
19012,2025-11-09,Nelson,128,37,80,11,85,478,689,-211,5.38,3.73,N10004
19009,2025-11-09,OS Offices,126,62,55,9,133,577,559,18,4.44,4.58,N10005
19011,2025-11-09,Orphans,126,69,44,13,151,620,502,118,3.98,4.92,N10006
19011,2025-11-09,Outlaws,38,11,20,7,29,128,166,-38,4.37,3.37,N10007
19012,2025-11-09,Platinum,131,76,41,14,166,710,534,176,4.08,5.42,N10008
19008,2025-11-09,Triple J,134,57,63,14,128,562,625,-63,4.66,4.19,N10009
19009,2025-11-09,Velodrome,12,7,5,0,14,44,31,13,2.58,3.67,N10010
19015,2025-11-16,Ace,70,18,43,9,45,270,400,-130,5.71,3.86,N10002
19016,2025-11-16,Amos,131,62,57,12,136,599,558,41,4.26,4.57,N10001
19016,2025-11-16,HollowBrook,133,83,36,14,180,761,479,282,3.6,5.72,N10003
19013,2025-11-16,Nelson,129,37,81,11,85,481,696,-215,5.4,3.73,N10004
19013,2025-11-16,OS Offices,127,63,55,9,135,584,562,22,4.43,4.6,N10005
19017,2025-11-16,Orphans,127,69,45,13,151,626,509,117,4.01,4.93,N10006
19015,2025-11-16,Outlaws,39,12,20,7,31,136,166,-30,4.26,3.49,N10007
19014,2025-11-16,Platinum,132,76,42,14,166,712,540,172,4.09,5.39,N10008
19017,2025-11-16,Triple J,135,58,63,14,130,569,631,-62,4.67,4.21,N10009
19014,2025-11-16,Velodrome,13,8,5,0,16,50,33,17,2.54,3.85,N10010
19022,2025-11-23,Ace,71,19,43,9,47,277,405,-128,5.7,3.9,N10002
19021,2025-11-23,Amos,132,62,58,12,136,605,570,35,4.32,4.58,N10001
19020,2025-11-23,HollowBrook,134,84,36,14,182,765,480,285,3.58,5.71,N10003
19022,2025-11-23,Nelson,130,37,82,11,85,486,703,-217,5.41,3.74,N10004
19021,2025-11-23,OS Offices,128,64,55,9,137,596,568,28,4.44,4.66,N10005
19019,2025-11-23,Orphans,128,69,46,13,151,628,516,112,4.03,4.91,N10006
19018,2025-11-23,Outlaws,40,12,21,7,31,137,171,-34,4.28,3.42,N10007
19019,2025-11-23,Platinum,133,77,42,14,168,719,542,177,4.08,5.41,N10008
19018,2025-11-23,Triple J,136,59,63,14,132,574,632,-58,4.65,4.22,N10009
19020,2025-11-23,Velodrome,14,8,6,0,16,51,37,14,2.64,3.64,N10010
19024,2025-12-14,Ace,72,20,43,9,49,283,407,-124,5.65,3.93,N10002
19025,2025-12-14,Amos,133,62,59,12,136,609,577,32,4.34,4.58,N10001
19023,2025-12-14,HollowBrook,135,85,36,14,184,769,482,287,3.57,5.7,N10003
19026,2025-12-14,Nelson,131,37,83,11,85,489,708,-219,5.4,3.73,N10004
19027,2025-12-14,OS Offices,129,64,55,10,138,600,572,28,4.43,4.65,N10005
19027,2025-12-14,Orphans,129,69,46,14,152,632,520,112,4.03,4.9,N10006
19023,2025-12-14,Outlaws,41,12,22,7,31,139,175,-36,4.27,3.39,N10007
19025,2025-12-14,Platinum,134,78,42,14,170,726,546,180,4.07,5.42,N10008
19024,2025-12-14,Triple J,137,59,64,14,132,576,638,-62,4.66,4.2,N10009
19026,2025-12-14,Velodrome,15,9,6,0,18,56,40,16,2.67,3.73,N10010
19031,2025-12-21,Ace,73,21,43,9,51,291,410,-119,5.62,3.99,N10002
19031,2025-12-21,Amos,134,62,60,12,136,612,585,27,4.37,4.57,N10001
19028,2025-12-21,HollowBrook,136,85,37,14,184,769,485,284,3.57,5.65,N10003
19030,2025-12-21,Nelson,132,38,83,11,87,495,713,-218,5.4,3.75,N10004
19029,2025-12-21,OS Offices,130,65,55,10,140,608,575,33,4.42,4.68,N10005
19030,2025-12-21,Orphans,130,69,47,14,152,637,526,111,4.05,4.9,N10006
19032,2025-12-21,Outlaws,42,12,23,7,31,142,181,-39,4.31,3.38,N10007
19028,2025-12-21,Platinum,135,79,42,14,172,729,546,183,4.04,5.4,N10008
19029,2025-12-21,Triple J,138,59,65,14,132,579,646,-67,4.68,4.2,N10009
19032,2025-12-21,Velodrome,16,10,6,0,20,62,43,19,2.69,3.88,N10010
