game_id,player_1_id,player_2_id,shifts_together,home_team_id,away_team_id,toi_together,goals_for,goals_against,corsi_for,corsi_against,ozone_pct,xgf
18969,P100022,P100001,18,N10008,N10010,6026.0,6,6,10,15,40.6,0.53
18969,P100022,P100002,9,N10008,N10010,2544.0,0,0,4,1,52.9,0.26
18969,P100022,P100016,34,N10008,N10010,11244.0,18,18,15,30,37.6,1.72
18969,P100022,P100039,23,N10008,N10010,8724.0,18,18,13,27,37.7,1.61
18969,P100022,P100064,2,N10008,N10010,252.0,0,0,0,2,0.0,0.0
18969,P100022,P100070,18,N10008,N10010,5558.0,6,6,13,3,49.1,1.61
18969,P100022,P100093,19,N10008,N10010,7056.0,6,6,8,20,31.9,0.48
18969,P100022,P100105,16,N10008,N10010,3264.0,6,6,10,4,59.9,0.57
18969,P100022,P100108,2,N10008,N10010,828.0,6,6,6,1,77.8,1.21
18969,P100022,P100132,1,N10008,N10010,204.0,0,0,0,2,0.0,0.0
18969,P100022,P100161,25,N10008,N10010,9134.0,18,18,13,26,39.5,1.66
18969,P100022,P100198,15,N10008,N10010,7058.0,12,12,6,21,30.9,0.37
18969,P100022,P100201,18,N10008,N10010,6494.0,12,12,7,15,37.2,1.35
18969,P100022,P100224,9,N10008,N10010,2268.0,0,0,3,0,44.9,0.18
18969,P100023,P100001,30,N10008,N10010,10935.0,24,23,25,15,55.1,3.96
18969,P100023,P100002,13,N10008,N10010,4994.0,0,0,3,6,43.5,0.24
18969,P100023,P100016,55,N10008,N10010,20919.0,36,35,25,47,40.2,3.07
18969,P100023,P100039,20,N10008,N10010,8712.0,18,18,24,13,49.2,3.1
18969,P100023,P100064,18,N10008,N10010,6997.0,18,17,21,7,66.1,2.75
18969,P100023,P100070,28,N10008,N10010,9506.0,6,6,6,15,34.0,0.43
18969,P100023,P100093,26,N10008,N10010,10465.0,18,17,29,12,53.3,3.21
18969,P100023,P100105,15,N10008,N10010,4272.0,6,6,11,3,58.3,0.54
18969,P100023,P100108,14,N10008,N10010,5882.0,18,18,16,9,60.0,3.53
18969,P100023,P100132,17,N10008,N10010,6949.0,18,17,21,7,66.5,2.75
18969,P100023,P100161,25,N10008,N10010,8976.0,18,18,23,12,47.0,3.02
18969,P100023,P100198,27,N10008,N10010,11713.0,24,23,32,11,60.9,4.31
18969,P100023,P100201,25,N10008,N10010,9984.0,12,12,22,10,51.3,2.05
18969,P100023,P100224,17,N10008,N10010,5210.0,0,0,2,5,40.3,0.16
18969,P100024,P100001,15,N10008,N10010,6649.0,12,11,9,10,55.3,1.39
18969,P100024,P100002,2,N10008,N10010,996.0,0,0,1,0,64.4,0.02
18969,P100024,P100016,25,N10008,N10010,12685.0,18,17,12,27,37.3,2.47
18969,P100024,P100039,7,N10008,N10010,3540.0,0,0,5,4,53.6,0.23
18969,P100024,P100064,17,N10008,N10010,8437.0,18,17,23,7,61.9,2.06
18969,P100024,P100070,12,N10008,N10010,6960.0,6,6,8,11,35.9,1.3
18969,P100024,P100093,12,N10008,N10010,5665.0,6,5,7,12,45.1,1.29
18969,P100024,P100105,6,N10008,N10010,2988.0,0,0,2,4,42.5,0.16
18969,P100024,P100108,9,N10008,N10010,4032.0,12,12,3,11,32.0,1.02
18969,P100024,P100132,16,N10008,N10010,7813.0,18,17,22,6,63.6,1.98
18969,P100024,P100161,9,N10008,N10010,4452.0,0,0,7,5,57.8,0.33
18969,P100024,P100198,13,N10008,N10010,6301.0,12,11,6,16,43.7,1.21
18969,P100024,P100201,12,N10008,N10010,6612.0,6,6,5,17,26.6,1.12
18969,P100024,P100224,1,N10008,N10010,708.0,0,0,0,0,42.9,0.0
18969,P100025,P100001,19,N10008,N10010,9638.0,0,0,14,14,42.2,0.85
18969,P100025,P100002,16,N10008,N10010,6144.0,0,0,8,7,50.0,0.42
18969,P100025,P100016,38,N10008,N10010,17808.0,6,6,19,31,32.2,2.04
18969,P100025,P100039,17,N10008,N10010,6756.0,0,0,8,8,49.0,0.53
18969,P100025,P100064,8,N10008,N10010,5952.0,6,6,15,5,65.9,0.81
18969,P100025,P100070,15,N10008,N10010,9554.0,6,6,14,15,33.3,1.69
18969,P100025,P100093,18,N10008,N10010,6012.0,0,0,7,10,34.4,0.51
18969,P100025,P100105,16,N10008,N10010,8964.0,0,0,17,9,62.6,0.91
18969,P100025,P100108,12,N10008,N10010,5100.0,6,6,9,6,45.1,0.45
18969,P100025,P100132,7,N10008,N10010,5328.0,6,6,14,4,69.5,0.73
18969,P100025,P100161,18,N10008,N10010,7550.0,0,0,11,9,43.4,0.61
18969,P100025,P100198,19,N10008,N10010,7838.0,0,0,6,11,37.0,0.37
18969,P100025,P100201,23,N10008,N10010,10022.0,6,6,9,17,31.2,1.39
18969,P100025,P100224,13,N10008,N10010,5100.0,0,0,8,6,54.0,0.42
18969,P100027,P100001,16,N10008,N10010,7634.0,6,6,10,11,52.5,0.58
18969,P100027,P100002,3,N10008,N10010,1116.0,0,0,2,0,71.4,0.1
18969,P100027,P100016,28,N10008,N10010,13716.0,12,12,14,29,38.9,1.69
18969,P100027,P100039,10,N10008,N10010,4524.0,0,0,6,6,44.5,0.26
18969,P100027,P100064,16,N10008,N10010,8364.0,12,12,23,7,60.1,2.08
18969,P100027,P100070,14,N10008,N10010,7682.0,6,6,11,11,43.9,1.49
18969,P100027,P100093,15,N10008,N10010,5928.0,0,0,9,11,50.3,0.51
18969,P100027,P100105,9,N10008,N10010,3840.0,0,0,3,4,45.6,0.19
18969,P100027,P100108,9,N10008,N10010,4392.0,12,12,13,4,59.0,1.56
18969,P100027,P100132,14,N10008,N10010,7692.0,12,12,22,6,62.1,2.0
18969,P100027,P100161,14,N10008,N10010,6122.0,0,0,9,7,50.8,0.44
18969,P100027,P100198,13,N10008,N10010,7442.0,6,6,5,19,36.7,0.29
18969,P100027,P100201,16,N10008,N10010,7934.0,6,6,8,18,34.8,1.31
18969,P100027,P100224,2,N10008,N10010,828.0,0,0,1,0,59.0,0.08
18969,P100030,P100001,26,N10008,N10010,11582.0,0,0,15,18,37.9,0.93
18969,P100030,P100002,19,N10008,N10010,6456.0,0,0,9,7,50.6,0.5
18969,P100030,P100016,47,N10008,N10010,19176.0,6,6,20,32,30.3,2.12
18969,P100030,P100039,17,N10008,N10010,6480.0,0,0,8,8,48.9,0.53
18969,P100030,P100064,9,N10008,N10010,6564.0,6,6,15,6,65.0,0.88
18969,P100030,P100070,21,N10008,N10010,11330.0,6,6,19,14,56.3,1.24
18969,P100030,P100093,23,N10008,N10010,5700.0,0,0,7,7,39.3,0.4
18969,P100030,P100105,17,N10008,N10010,9576.0,0,0,17,9,62.5,0.98
18969,P100030,P100108,14,N10008,N10010,5376.0,6,6,10,7,45.3,0.53
18969,P100030,P100132,8,N10008,N10010,5940.0,6,6,14,5,68.1,0.8
18969,P100030,P100161,23,N10008,N10010,7994.0,0,0,9,11,41.3,0.61
18969,P100030,P100198,23,N10008,N10010,8222.0,0,0,11,7,48.9,0.67
18969,P100030,P100201,25,N10008,N10010,9446.0,6,6,14,9,49.6,0.96
18969,P100030,P100224,21,N10008,N10010,6132.0,0,0,9,6,48.2,0.5
18969,P100107,P100001,23,N10008,N10010,8991.0,24,23,14,21,48.9,1.51
18969,P100107,P100002,12,N10008,N10010,4754.0,0,0,2,6,42.1,0.16
18969,P100107,P100016,46,N10008,N10010,17631.0,36,35,24,40,45.1,2.99
18969,P100107,P100039,18,N10008,N10010,8220.0,18,18,24,13,51.1,3.1
18969,P100107,P100064,15,N10008,N10010,4993.0,18,17,15,6,59.6,2.44
18969,P100107,P100070,20,N10008,N10010,6962.0,6,6,2,15,25.7,0.16
18969,P100107,P100093,21,N10008,N10010,8857.0,18,17,26,12,54.5,3.09
18969,P100107,P100105,12,N10008,N10010,2268.0,6,6,5,3,37.6,0.23
18969,P100107,P100108,12,N10008,N10010,5606.0,18,18,15,8,60.5,3.45
18969,P100107,P100132,14,N10008,N10010,4945.0,18,17,15,6,60.0,2.44
18969,P100107,P100161,20,N10008,N10010,7932.0,18,18,23,12,50.4,3.02
18969,P100107,P100198,27,N10008,N10010,11569.0,24,23,10,32,36.3,1.43
18969,P100107,P100201,23,N10008,N10010,8640.0,12,12,10,19,39.9,1.48
18969,P100107,P100224,13,N10008,N10010,4418.0,0,0,1,5,41.0,0.08
18969,P100110,P100001,11,N10008,N10010,3192.0,0,0,4,7,31.9,0.21
18969,P100110,P100002,4,N10008,N10010,1800.0,0,0,1,2,13.3,0.03
18969,P100110,P100016,23,N10008,N10010,8844.0,6,6,10,20,29.4,1.48
18969,P100110,P100039,16,N10008,N10010,6432.0,6,6,10,16,38.3,1.48
18969,P100110,P100064,2,N10008,N10010,864.0,0,0,0,3,0.0,0.0
18969,P100110,P100070,12,N10008,N10010,3948.0,6,6,9,3,36.6,1.4
18969,P100110,P100093,16,N10008,N10010,6864.0,0,0,5,18,26.6,0.34
18969,P100110,P100105,10,N10008,N10010,2736.0,6,6,4,9,31.0,1.11
18969,P100110,P100132,2,N10008,N10010,864.0,0,0,0,3,0.0,0.0
18969,P100110,P100161,17,N10008,N10010,6180.0,6,6,9,15,38.5,1.45
18969,P100110,P100198,8,N10008,N10010,4140.0,0,0,2,10,24.1,0.11
18969,P100110,P100201,12,N10008,N10010,5652.0,6,6,6,13,27.0,1.27
18969,P100110,P100224,5,N10008,N10010,1548.0,0,0,0,1,8.2,0.0
18969,P100117,P100001,29,N10008,N10010,14081.0,24,23,22,25,45.4,1.99
18969,P100117,P100002,14,N10008,N10010,6794.0,0,0,5,8,46.0,0.4
18969,P100117,P100016,36,N10008,N10010,17307.0,30,29,26,29,44.2,3.1
18969,P100117,P100039,13,N10008,N10010,6336.0,6,6,14,12,52.5,1.68
18969,P100117,P100064,12,N10008,N10010,5089.0,24,23,11,8,50.0,2.28
18969,P100117,P100070,22,N10008,N10010,10972.0,6,6,20,9,46.5,1.93
18969,P100117,P100093,8,N10008,N10010,3949.0,12,11,9,9,46.6,1.33
18969,P100117,P100105,13,N10008,N10010,6192.0,0,0,10,6,47.6,0.52
18969,P100117,P100108,14,N10008,N10010,6266.0,24,24,16,10,56.1,3.52
18969,P100117,P100132,11,N10008,N10010,5041.0,24,23,11,8,50.4,2.28
18969,P100117,P100161,14,N10008,N10010,6686.0,6,6,13,13,51.3,0.7
18969,P100117,P100198,19,N10008,N10010,9087.0,18,17,11,14,45.0,1.45
18969,P100117,P100201,11,N10008,N10010,5078.0,6,6,8,4,53.1,1.31
18969,P100117,P100224,11,N10008,N10010,5882.0,0,0,4,6,44.4,0.32
18969,P100192,P100001,20,N10008,N10010,6492.0,0,0,14,7,56.9,0.62
18969,P100192,P100002,16,N10008,N10010,4380.0,0,0,6,5,47.9,0.26
18969,P100192,P100016,57,N10008,N10010,20460.0,12,12,18,46,30.9,2.01
18969,P100192,P100039,23,N10008,N10010,8748.0,12,12,18,9,47.6,1.95
18969,P100192,P100064,13,N10008,N10010,7164.0,0,0,22,4,75.2,1.16
18969,P100192,P100070,20,N10008,N10010,7704.0,6,6,12,9,53.8,0.8
18969,P100192,P100093,36,N10008,N10010,11568.0,6,6,27,10,51.2,2.22
18969,P100192,P100105,17,N10008,N10010,6348.0,6,6,15,6,67.9,0.81
18969,P100192,P100108,12,N10008,N10010,4716.0,0,0,9,5,49.8,0.46
18969,P100192,P100132,12,N10008,N10010,6540.0,0,0,21,3,78.2,1.08
18969,P100192,P100161,29,N10008,N10010,9540.0,12,12,19,10,46.5,2.03
18969,P100192,P100198,29,N10008,N10010,10584.0,6,6,29,6,62.1,2.45
18969,P100192,P100201,37,N10008,N10010,13968.0,12,12,32,11,56.6,2.75
18969,P100192,P100224,21,N10008,N10010,4548.0,0,0,6,5,47.2,0.26
18969,P100202,P100001,49,N10008,N10010,20573.0,24,23,39,29,52.4,4.64
18969,P100202,P100002,30,N10008,N10010,11174.0,0,0,11,13,46.9,0.66
18969,P100202,P100016,93,N10008,N10010,37767.0,42,41,75,44,53.5,7.65
18969,P100202,P100039,36,N10008,N10010,15084.0,18,18,32,21,49.7,3.63
18969,P100202,P100064,25,N10008,N10010,12253.0,24,23,33,12,64.2,3.44
18969,P100202,P100070,42,N10008,N10010,18676.0,12,12,21,29,44.2,1.4
18969,P100202,P100093,44,N10008,N10010,15517.0,18,17,36,19,51.2,3.61
18969,P100202,P100105,30,N10008,N10010,12540.0,6,6,25,12,58.6,1.33
18969,P100202,P100108,26,N10008,N10010,10982.0,24,24,25,15,53.3,3.98
18969,P100202,P100132,23,N10008,N10010,11581.0,24,23,32,11,65.6,3.36
18969,P100202,P100161,43,N10008,N10010,16226.0,18,18,32,23,46.4,3.63
18969,P100202,P100198,48,N10008,N10010,19671.0,24,23,43,17,57.4,4.98
18969,P100202,P100201,48,N10008,N10010,19046.0,18,18,36,19,51.4,3.01
18969,P100202,P100224,32,N10008,N10010,10430.0,0,0,10,11,46.0,0.58
18969,P100210,P100001,21,N10008,N10010,9362.0,12,12,13,21,38.0,0.65
18969,P100210,P100002,23,N10008,N10010,8258.0,0,0,9,10,46.8,0.5
18969,P100210,P100016,41,N10008,N10010,14822.0,18,18,18,26,38.5,0.94
18969,P100210,P100039,10,N10008,N10010,4128.0,12,12,10,5,56.4,2.37
18969,P100210,P100064,6,N10008,N10010,2640.0,6,6,7,3,72.1,1.24
18969,P100210,P100070,16,N10008,N10010,7046.0,0,0,9,7,37.4,0.44
18969,P100210,P100093,12,N10008,N10010,2340.0,12,12,3,7,29.6,0.18
18969,P100210,P100105,11,N10008,N10010,5964.0,0,0,12,5,69.8,0.69
18969,P100210,P100108,17,N10008,N10010,6590.0,12,12,12,11,49.5,2.42
18969,P100210,P100132,6,N10008,N10010,2640.0,6,6,7,3,72.1,1.24
18969,P100210,P100161,12,N10008,N10010,3924.0,12,12,5,10,36.0,0.29
18969,P100210,P100198,26,N10008,N10010,7704.0,12,12,8,14,38.1,0.48
18969,P100210,P100201,20,N10008,N10010,5460.0,6,6,5,5,39.4,0.29
18969,P100210,P100224,25,N10008,N10010,8054.0,0,0,9,10,49.0,0.5
18969,P100222,P100001,15,N10008,N10010,6864.0,6,6,9,14,34.2,0.5
18969,P100222,P100002,18,N10008,N10010,6600.0,0,0,7,10,48.9,0.4
18969,P100222,P100016,33,N10008,N10010,12804.0,6,6,16,18,35.5,0.9
18969,P100222,P100039,6,N10008,N10010,2820.0,0,0,3,1,46.7,0.19
18969,P100222,P100064,6,N10008,N10010,3564.0,6,6,10,3,76.4,1.38
18969,P100222,P100070,11,N10008,N10010,5124.0,0,0,7,7,27.3,0.4
18969,P100222,P100093,13,N10008,N10010,2796.0,6,6,4,4,38.0,0.26
18969,P100222,P100105,8,N10008,N10010,6288.0,0,0,11,6,69.8,0.62
18969,P100222,P100108,14,N10008,N10010,5088.0,6,6,8,10,47.5,1.32
18969,P100222,P100132,6,N10008,N10010,3564.0,6,6,10,3,76.4,1.38
18969,P100222,P100161,9,N10008,N10010,2640.0,0,0,3,1,28.9,0.19
18969,P100222,P100198,20,N10008,N10010,6312.0,0,0,5,6,35.9,0.3
18969,P100222,P100201,18,N10008,N10010,5940.0,0,0,7,4,37.0,0.4
18969,P100222,P100224,21,N10008,N10010,6420.0,0,0,7,10,50.7,0.4
18977,P100001,P100038,25,N10010,N10003,11438.0,0,0,16,13,,0.79
18977,P100001,P100047,30,N10010,N10003,9148.0,12,12,18,16,,2.7
18977,P100001,P100049,19,N10010,N10003,7495.0,6,6,11,9,,1.52
18977,P100001,P100084,37,N10010,N10003,11973.0,12,12,23,17,0.0,1.16
18977,P100001,P100086,25,N10010,N10003,12683.0,6,6,19,15,,1.89
18977,P100001,P100088,34,N10010,N10003,11515.0,6,6,18,22,,1.77
18977,P100001,P100091,7,N10010,N10003,4428.0,6,6,11,2,,1.51
18977,P100001,P100096,54,N10010,N10003,19643.0,18,18,28,35,0.0,1.4
18977,P100001,P100097,17,N10010,N10003,6520.0,6,6,12,6,,1.54
18977,P100001,P100100,18,N10010,N10003,7850.0,6,6,18,6,,1.85
18977,P100001,P100123,29,N10010,N10003,6960.0,12,12,16,13,,2.63
18977,P100001,P100211,24,N10010,N10003,5745.0,18,18,17,10,,3.63
18977,P100002,P100038,3,N10010,N10003,1310.0,0,0,1,5,,0.02
18977,P100002,P100047,11,N10010,N10003,5258.0,18,18,12,10,,1.56
18977,P100002,P100049,8,N10010,N10003,4860.0,0,0,5,8,,0.35
18977,P100002,P100084,17,N10010,N10003,6444.0,12,12,16,11,,1.94
18977,P100002,P100086,7,N10010,N10003,4718.0,0,0,7,8,,0.39
18977,P100002,P100088,15,N10010,N10003,6060.0,12,12,16,11,,1.94
18977,P100002,P100091,7,N10010,N10003,3840.0,6,6,7,2,,1.19
18977,P100002,P100096,23,N10010,N10003,11186.0,18,18,16,21,,1.89
18977,P100002,P100097,7,N10010,N10003,3674.0,0,0,5,6,,0.29
18977,P100002,P100100,8,N10010,N10003,6062.0,6,6,8,10,,0.47
18977,P100002,P100123,18,N10010,N10003,7788.0,18,18,17,13,,2.02
18977,P100002,P100211,13,N10010,N10003,7116.0,6,6,9,11,,0.67
18977,P100016,P100038,31,N10010,N10003,14390.0,0,0,27,15,,1.27
18977,P100016,P100047,48,N10010,N10003,19336.0,30,30,27,40,,4.04
18977,P100016,P100049,28,N10010,N10003,13811.0,6,6,20,17,,1.97
18977,P100016,P100084,58,N10010,N10003,22837.0,24,24,22,52,,2.86
18977,P100016,P100086,37,N10010,N10003,19139.0,12,12,30,27,,2.37
18977,P100016,P100088,53,N10010,N10003,22031.0,18,18,23,51,,1.96
18977,P100016,P100091,18,N10010,N10003,11808.0,12,12,27,9,,3.24
18977,P100016,P100096,85,N10010,N10003,38007.0,36,36,57,61,,6.46
18977,P100016,P100097,24,N10010,N10003,10168.0,6,6,17,12,,1.71
18977,P100016,P100100,30,N10010,N10003,16670.0,12,12,35,18,,3.6
18977,P100016,P100123,51,N10010,N10003,20704.0,24,24,27,46,,4.09
18977,P100016,P100211,36,N10010,N10003,13573.0,18,18,20,23,,3.71
18977,P100039,P100038,16,N10010,N10003,6252.0,0,0,11,5,,0.6
18977,P100039,P100047,21,N10010,N10003,8748.0,18,18,18,11,,1.98
18977,P100039,P100049,8,N10010,N10003,3588.0,6,6,8,3,,1.45
18977,P100039,P100084,19,N10010,N10003,7344.0,12,12,17,3,0.0,1.96
18977,P100039,P100086,14,N10010,N10003,6744.0,6,6,8,8,0.0,1.37
18977,P100039,P100088,18,N10010,N10003,7188.0,6,6,16,4,0.0,1.94
18977,P100039,P100091,6,N10010,N10003,3888.0,6,6,11,2,,1.61
18977,P100039,P100096,32,N10010,N10003,13644.0,18,18,22,18,0.0,2.19
18977,P100039,P100097,11,N10010,N10003,3876.0,0,0,2,5,,0.11
18977,P100039,P100100,13,N10010,N10003,6300.0,6,6,15,5,,1.82
18977,P100039,P100123,19,N10010,N10003,7416.0,12,12,18,10,,1.98
18977,P100039,P100211,5,N10010,N10003,1068.0,6,6,4,1,,0.26
18977,P100070,P100038,10,N10010,N10003,4584.0,0,0,6,7,,0.25
18977,P100070,P100047,22,N10010,N10003,9038.0,12,12,30,6,,3.56
18977,P100070,P100049,13,N10010,N10003,3536.0,0,0,5,6,,0.19
18977,P100070,P100084,32,N10010,N10003,11614.0,12,12,38,8,,3.94
18977,P100070,P100086,13,N10010,N10003,6213.0,6,6,5,14,,0.24
18977,P100070,P100088,30,N10010,N10003,11204.0,12,12,36,10,,3.89
18977,P100070,P100091,9,N10010,N10003,5868.0,0,0,6,6,,0.32
18977,P100070,P100096,39,N10010,N10003,15646.0,12,12,36,15,,3.84
18977,P100070,P100097,6,N10010,N10003,2966.0,0,0,3,2,,0.19
18977,P100070,P100100,9,N10010,N10003,5352.0,0,0,7,6,,0.34
18977,P100070,P100123,29,N10010,N10003,11269.0,6,6,34,10,,3.77
18977,P100070,P100211,19,N10010,N10003,5878.0,0,0,6,10,,0.27
18977,P100105,P100038,11,N10010,N10003,7440.0,0,0,8,12,,0.47
18977,P100105,P100047,12,N10010,N10003,5150.0,12,12,16,5,,1.89
18977,P100105,P100049,14,N10010,N10003,7388.0,6,6,8,17,,0.37
18977,P100105,P100084,18,N10010,N10003,8074.0,12,12,24,9,,2.31
18977,P100105,P100086,15,N10010,N10003,10161.0,6,6,18,13,,1.9
18977,P100105,P100088,17,N10010,N10003,7904.0,6,6,24,10,,2.36
18977,P100105,P100091,6,N10010,N10003,4380.0,0,0,12,1,,0.69
18977,P100105,P100096,26,N10010,N10003,13150.0,12,12,22,23,,2.16
18977,P100105,P100097,5,N10010,N10003,2798.0,0,0,2,3,,0.11
18977,P100105,P100100,10,N10010,N10003,6396.0,0,0,6,14,,0.37
18977,P100105,P100123,14,N10010,N10003,4825.0,6,6,16,10,,1.94
18977,P100105,P100211,12,N10010,N10003,3754.0,6,6,6,10,,0.33
18977,P100108,P100038,8,N10010,N10003,2906.0,0,0,1,8,,0.02
18977,P100108,P100047,14,N10010,N10003,7334.0,18,18,9,15,,1.38
18977,P100108,P100049,4,N10010,N10003,2967.0,0,0,3,3,,0.14
18977,P100108,P100084,17,N10010,N10003,5847.0,12,12,10,10,,1.47
18977,P100108,P100086,8,N10010,N10003,4238.0,0,0,3,8,,0.13
18977,P100108,P100088,16,N10010,N10003,5607.0,12,12,10,10,,1.47
18977,P100108,P100091,6,N10010,N10003,3552.0,6,6,4,3,,1.16
18977,P100108,P100096,25,N10010,N10003,11813.0,18,18,15,19,,1.76
18977,P100108,P100097,10,N10010,N10003,4166.0,0,0,6,5,,0.32
18977,P100108,P100100,8,N10010,N10003,5966.0,6,6,5,9,,0.29
18977,P100108,P100123,17,N10010,N10003,7575.0,18,18,12,11,,1.63
18977,P100108,P100211,9,N10010,N10003,5223.0,6,6,7,6,,0.46
18977,P100132,P100038,10,N10010,N10003,6840.0,0,0,9,13,,0.44
18977,P100132,P100047,15,N10010,N10003,5520.0,0,0,11,10,,0.6
18977,P100132,P100049,10,N10010,N10003,4356.0,0,0,7,4,,0.38
18977,P100132,P100084,18,N10010,N10003,7476.0,0,0,16,7,,0.72
18977,P100132,P100086,13,N10010,N10003,7200.0,6,6,8,16,,0.42
18977,P100132,P100088,17,N10010,N10003,7260.0,0,0,15,7,,0.7
18977,P100132,P100091,6,N10010,N10003,4236.0,6,6,11,5,,1.44
18977,P100132,P100096,27,N10010,N10003,12168.0,6,6,20,22,,0.99
18977,P100132,P100097,5,N10010,N10003,2784.0,6,6,12,1,,1.36
18977,P100132,P100100,10,N10010,N10003,4872.0,6,6,5,15,,0.35
18977,P100132,P100123,14,N10010,N10003,4968.0,0,0,12,6,,0.57
18977,P100132,P100211,16,N10010,N10003,4212.0,6,6,7,8,,0.39
18977,P100159,P100038,12,N10010,N10003,4044.0,0,0,7,6,,0.21
18977,P100159,P100047,24,N10010,N10003,7512.0,0,0,16,8,,0.88
18977,P100159,P100049,13,N10010,N10003,5007.0,0,0,3,7,,0.13
18977,P100159,P100084,27,N10010,N10003,10743.0,0,0,20,7,0.0,1.05
18977,P100159,P100086,14,N10010,N10003,4740.0,6,6,9,6,,1.28
18977,P100159,P100088,24,N10010,N10003,10347.0,0,0,19,7,0.0,1.03
18977,P100159,P100091,7,N10010,N10003,4260.0,6,6,11,5,,1.39
18977,P100159,P100096,39,N10010,N10003,15255.0,6,6,26,19,0.0,1.36
18977,P100159,P100097,9,N10010,N10003,3204.0,6,6,9,4,,1.28
18977,P100159,P100100,13,N10010,N10003,4692.0,6,6,12,7,,1.41
18977,P100159,P100123,25,N10010,N10003,10515.0,0,0,20,10,,1.04
18977,P100159,P100211,19,N10010,N10003,6423.0,6,6,8,12,,1.32
18977,P100161,P100038,20,N10010,N10003,6780.0,0,0,12,5,,0.62
18977,P100161,P100047,23,N10010,N10003,8856.0,12,12,16,10,,1.88
18977,P100161,P100049,7,N10010,N10003,3264.0,6,6,8,1,,1.45
18977,P100161,P100084,19,N10010,N10003,7344.0,12,12,15,4,0.0,1.86
18977,P100161,P100086,17,N10010,N10003,7200.0,6,6,8,9,0.0,1.37
18977,P100161,P100088,18,N10010,N10003,7380.0,6,6,16,5,0.0,1.94
18977,P100161,P100091,5,N10010,N10003,3732.0,0,0,9,2,,0.61
18977,P100161,P100096,33,N10010,N10003,13620.0,12,12,20,17,0.0,2.09
18977,P100161,P100097,13,N10010,N10003,4008.0,0,0,2,5,,0.11
18977,P100161,P100100,14,N10010,N10003,6276.0,0,0,13,5,,0.82
18977,P100161,P100123,17,N10010,N10003,6936.0,6,6,16,8,,1.88
18977,P100161,P100211,3,N10010,N10003,672.0,6,6,2,1,,0.16
18977,P100201,P100038,6,N10010,N10003,2952.0,0,0,11,2,,0.48
18977,P100201,P100047,18,N10010,N10003,10188.0,18,18,24,9,,3.25
18977,P100201,P100049,9,N10010,N10003,6316.0,0,0,9,8,,0.45
18977,P100201,P100084,21,N10010,N10003,10864.0,12,12,29,5,,3.56
18977,P100201,P100086,12,N10010,N10003,6456.0,6,6,12,11,,1.64
18977,P100201,P100088,19,N10010,N10003,10516.0,12,12,29,5,,3.56
18977,P100201,P100091,11,N10010,N10003,7380.0,6,6,16,7,,1.73
18977,P100201,P100096,31,N10010,N10003,18364.0,18,18,33,22,,3.77
18977,P100201,P100097,7,N10010,N10003,3648.0,0,0,5,6,,0.17
18977,P100201,P100100,12,N10010,N10003,8820.0,6,6,17,12,,1.75
18977,P100201,P100123,22,N10010,N10003,13744.0,12,12,33,11,,3.81
18977,P100201,P100211,12,N10010,N10003,7828.0,0,0,13,3,,0.94
18977,P100224,P100038,12,N10010,N10003,6828.0,0,0,9,11,,0.44
18977,P100224,P100047,17,N10010,N10003,6504.0,6,6,13,8,,1.6
18977,P100224,P100049,8,N10010,N10003,3768.0,0,0,5,4,,0.28
18977,P100224,P100084,18,N10010,N10003,8472.0,6,6,18,8,,1.72
18977,P100224,P100086,14,N10010,N10003,7116.0,6,6,8,14,,0.42
18977,P100224,P100088,17,N10010,N10003,8448.0,6,6,19,8,,1.8
18977,P100224,P100091,6,N10010,N10003,4236.0,6,6,11,5,,1.44
18977,P100224,P100096,27,N10010,N10003,12756.0,12,12,22,20,,1.99
18977,P100224,P100097,5,N10010,N10003,2376.0,6,6,9,1,,1.28
18977,P100224,P100100,10,N10010,N10003,4464.0,6,6,5,12,,0.35
18977,P100224,P100123,13,N10010,N10003,5640.0,6,6,14,6,,1.57
18977,P100224,P100211,12,N10010,N10003,3444.0,6,6,4,8,,0.27
18977,P100230,P100047,7,N10010,N10003,2774.0,6,6,8,3,,0.47
18977,P100230,P100049,12,N10010,N10003,6455.0,0,0,9,8,,0.52
18977,P100230,P100084,21,N10010,N10003,7021.0,6,6,17,11,,1.04
18977,P100230,P100086,6,N10010,N10003,3969.0,0,0,10,3,,0.54
18977,P100230,P100088,18,N10010,N10003,6395.0,6,6,16,11,,1.01
18977,P100230,P100091,6,N10010,N10003,3684.0,0,0,5,2,,0.19
18977,P100230,P100096,23,N10010,N10003,10297.0,6,6,16,14,,0.97
18977,P100230,P100097,5,N10010,N10003,2606.0,0,0,5,1,,0.3
18977,P100230,P100100,4,N10010,N10003,4596.0,0,0,7,3,,0.45
18977,P100230,P100123,19,N10010,N10003,7648.0,6,6,14,11,,0.95
18977,P100230,P100211,19,N10010,N10003,9061.0,6,6,15,11,,0.89
18981,P100061,P100001,8,N10004,N10010,4605.0,0,0,5,9,54.5,0.34
18981,P100061,P100002,18,N10004,N10010,6475.0,0,0,7,5,63.2,0.39
18981,P100061,P100016,44,N10004,N10010,18703.0,0,0,14,29,45.8,0.63
18981,P100061,P100039,8,N10004,N10010,4485.0,0,0,8,9,61.4,0.46
18981,P100061,P100070,22,N10004,N10010,10396.0,0,0,6,14,42.6,0.2
18981,P100061,P100093,26,N10004,N10010,8660.0,0,0,4,13,40.2,0.16
18981,P100061,P100105,14,N10004,N10010,5325.0,0,0,5,6,62.1,0.18
18981,P100061,P100108,16,N10004,N10010,7925.0,0,0,15,11,69.8,0.96
18981,P100061,P100132,15,N10004,N10010,6531.0,0,0,11,2,80.0,0.66
18981,P100061,P100159,9,N10004,N10010,4593.0,0,0,8,11,61.4,0.46
18981,P100061,P100161,16,N10004,N10010,5911.0,0,0,7,2,76.0,0.34
18981,P100061,P100198,12,N10004,N10010,5316.0,0,0,11,5,70.3,0.49
18981,P100061,P100201,21,N10004,N10010,7406.0,0,0,10,5,65.7,0.52
18981,P100061,P100224,11,N10004,N10010,5806.0,0,0,10,2,83.3,0.58
18981,P100061,P100230,22,N10004,N10010,7200.0,0,0,8,5,62.4,0.47
18981,P100066,P100001,19,N10004,N10010,8412.0,12,12,10,8,64.1,1.44
18981,P100066,P100002,16,N10004,N10010,5064.0,0,0,8,4,66.2,0.42
18981,P100066,P100016,45,N10004,N10010,17900.0,12,12,14,35,43.0,1.52
18981,P100066,P100039,18,N10004,N10010,7952.0,12,12,12,8,69.6,1.48
18981,P100066,P100070,16,N10004,N10010,6706.0,0,0,5,12,42.0,0.24
18981,P100066,P100093,21,N10004,N10010,9157.0,0,0,8,16,42.5,0.31
18981,P100066,P100105,10,N10004,N10010,2975.0,0,0,8,2,81.1,0.38
18981,P100066,P100108,18,N10004,N10010,7497.0,12,12,13,4,75.0,1.66
18981,P100066,P100132,8,N10004,N10010,3850.0,0,0,13,2,82.1,0.76
18981,P100066,P100159,18,N10004,N10010,7952.0,12,12,12,8,69.6,1.48
18981,P100066,P100161,11,N10004,N10010,3710.0,0,0,9,2,78.9,0.5
18981,P100066,P100198,25,N10004,N10010,9465.0,12,12,21,9,73.6,1.92
18981,P100066,P100201,15,N10004,N10010,4691.0,0,0,9,4,71.2,0.45
18981,P100066,P100224,8,N10004,N10010,3814.0,0,0,13,2,82.1,0.76
18981,P100066,P100230,16,N10004,N10010,5100.0,0,0,8,4,66.2,0.42
18981,P100071,P100001,14,N10004,N10010,7056.0,0,0,9,12,59.4,0.56
18981,P100071,P100002,12,N10004,N10010,3156.0,0,0,7,1,75.5,0.39
18981,P100071,P100016,35,N10004,N10010,13063.0,0,0,9,26,42.8,0.61
18981,P100071,P100039,13,N10004,N10010,6021.0,0,0,8,12,60.0,0.48
18981,P100071,P100070,17,N10004,N10010,5734.0,0,0,7,10,52.8,0.29
18981,P100071,P100093,10,N10004,N10010,4024.0,0,0,1,8,34.0,0.08
18981,P100071,P100105,15,N10004,N10010,4273.0,0,0,7,6,70.1,0.35
18981,P100071,P100108,16,N10004,N10010,6922.0,0,0,9,13,60.4,0.66
18981,P100071,P100132,10,N10004,N10010,3934.0,0,0,10,3,80.0,0.57
18981,P100071,P100159,14,N10004,N10010,5683.0,0,0,8,12,62.7,0.48
18981,P100071,P100161,15,N10004,N10010,4434.0,0,0,5,5,70.5,0.28
18981,P100071,P100198,18,N10004,N10010,7149.0,0,0,5,18,40.4,0.29
18981,P100071,P100201,12,N10004,N10010,3377.0,0,0,7,6,72.1,0.39
18981,P100071,P100224,11,N10004,N10010,3994.0,0,0,10,3,80.0,0.57
18981,P100071,P100230,12,N10004,N10010,3156.0,0,0,1,7,42.4,0.08
18981,P100072,P100001,6,N10004,N10010,4164.0,6,6,10,2,75.5,1.31
18981,P100072,P100002,9,N10004,N10010,3780.0,0,0,5,2,73.5,0.18
18981,P100072,P100016,22,N10004,N10010,11777.0,6,6,14,14,55.3,1.41
18981,P100072,P100039,4,N10004,N10010,3372.0,6,6,9,2,72.1,1.23
18981,P100072,P100070,12,N10004,N10010,7896.0,0,0,9,7,56.4,0.33
18981,P100072,P100093,14,N10004,N10010,5573.0,0,0,6,7,52.6,0.21
18981,P100072,P100105,6,N10004,N10010,3125.0,0,0,1,6,33.3,0.02
18981,P100072,P100108,3,N10004,N10010,2460.0,6,6,6,1,80.0,1.1
18981,P100072,P100132,8,N10004,N10010,4416.0,0,0,0,9,17.1,0.0
18981,P100072,P100159,4,N10004,N10010,3372.0,6,6,9,2,72.1,1.23
18981,P100072,P100161,7,N10004,N10010,3612.0,0,0,0,6,18.5,0.0
18981,P100072,P100198,9,N10004,N10010,4500.0,6,6,6,7,57.1,1.16
18981,P100072,P100201,8,N10004,N10010,3101.0,0,0,4,3,68.0,0.1
18981,P100072,P100224,7,N10004,N10010,4368.0,0,0,0,9,17.1,0.0
18981,P100072,P100230,11,N10004,N10010,4037.0,0,0,5,3,72.2,0.18
18981,P100074,P100001,26,N10004,N10010,10432.0,12,12,11,18,53.9,1.41
18981,P100074,P100002,15,N10004,N10010,4321.0,0,0,5,2,63.8,0.29
18981,P100074,P100016,50,N10004,N10010,17570.0,18,17,17,29,51.5,1.81
18981,P100074,P100039,25,N10004,N10010,9826.0,12,12,12,17,59.4,1.43
18981,P100074,P100070,27,N10004,N10010,9130.0,6,5,9,14,54.1,1.41
18981,P100074,P100093,21,N10004,N10010,7103.0,0,0,13,7,64.9,0.69
18981,P100074,P100105,13,N10004,N10010,4727.0,0,0,13,3,75.9,0.65
18981,P100074,P100108,18,N10004,N10010,6520.0,12,12,6,12,58.0,1.17
18981,P100074,P100132,12,N10004,N10010,4215.0,6,5,10,3,71.2,1.47
18981,P100074,P100159,22,N10004,N10010,9067.0,12,12,12,15,60.8,1.43
18981,P100074,P100161,14,N10004,N10010,4178.0,0,0,8,5,69.0,0.47
18981,P100074,P100198,25,N10004,N10010,9420.0,18,17,17,8,69.4,2.66
18981,P100074,P100201,12,N10004,N10010,3741.0,0,0,7,6,72.2,0.39
18981,P100074,P100224,11,N10004,N10010,4047.0,6,5,10,3,71.2,1.47
18981,P100074,P100230,16,N10004,N10010,4577.0,0,0,7,2,67.2,0.39
18981,P100078,P100001,17,N10004,N10010,6769.0,0,0,6,19,43.6,0.31
18981,P100078,P100002,19,N10004,N10010,5840.0,0,0,4,3,60.6,0.26
18981,P100078,P100016,56,N10004,N10010,19455.0,6,5,17,29,50.6,0.92
18981,P100078,P100039,17,N10004,N10010,6503.0,0,0,8,18,49.4,0.41
18981,P100078,P100070,35,N10004,N10010,12928.0,6,5,11,15,62.3,1.61
18981,P100078,P100093,27,N10004,N10010,7244.0,0,0,16,3,69.7,0.93
18981,P100078,P100105,21,N10004,N10010,7967.0,0,0,16,7,69.1,0.82
18981,P100078,P100108,18,N10004,N10010,7092.0,0,0,8,19,54.3,0.47
18981,P100078,P100132,22,N10004,N10010,7148.0,6,5,8,3,72.7,1.37
18981,P100078,P100159,14,N10004,N10010,5792.0,0,0,8,18,50.0,0.41
18981,P100078,P100161,24,N10004,N10010,7317.0,0,0,12,5,74.5,0.68
18981,P100078,P100198,17,N10004,N10010,5655.0,6,5,7,4,64.1,1.23
18981,P100078,P100201,19,N10004,N10010,7094.0,0,0,14,7,70.5,0.83
18981,P100078,P100224,17,N10004,N10010,6291.0,6,5,7,3,74.7,1.29
18981,P100078,P100230,23,N10004,N10010,6725.0,0,0,7,3,62.8,0.44
18981,P100079,P100001,18,N10004,N10010,8517.0,6,6,8,17,47.9,0.48
18981,P100079,P100002,16,N10004,N10010,5647.0,0,0,7,4,73.4,0.45
18981,P100079,P100016,58,N10004,N10010,21572.0,6,6,22,35,46.6,1.89
18981,P100079,P100039,20,N10004,N10010,9147.0,6,6,12,17,55.0,0.62
18981,P100079,P100070,29,N10004,N10010,13108.0,0,0,14,13,64.3,0.96
18981,P100079,P100093,34,N10004,N10010,12429.0,0,0,25,8,73.0,1.43
18981,P100079,P100105,20,N10004,N10010,5722.0,0,0,13,6,69.9,0.64
18981,P100079,P100108,24,N10004,N10010,10121.0,6,6,16,15,67.2,1.0
18981,P100079,P100132,16,N10004,N10010,4587.0,0,0,5,3,74.5,0.4
18981,P100079,P100159,21,N10004,N10010,9255.0,6,6,12,19,55.0,0.62
18981,P100079,P100161,21,N10004,N10010,5829.0,0,0,10,3,78.5,0.58
18981,P100079,P100198,11,N10004,N10010,1980.0,6,6,2,6,78.9,0.11
18981,P100079,P100201,21,N10004,N10010,7521.0,0,0,18,4,79.1,1.05
18981,P100079,P100224,13,N10004,N10010,3922.0,0,0,4,3,78.3,0.32
18981,P100079,P100230,21,N10004,N10010,6653.0,0,0,10,4,73.2,0.63
18981,P100111,P100001,16,N10004,N10010,3961.0,6,6,5,5,58.7,1.09
18981,P100111,P100002,13,N10004,N10010,3920.0,0,0,3,1,70.5,0.24
18981,P100111,P100016,44,N10004,N10010,13367.0,12,11,8,27,44.0,0.42
18981,P100111,P100039,18,N10004,N10010,5062.0,6,6,10,5,67.1,1.31
18981,P100111,P100070,22,N10004,N10010,6856.0,6,5,4,9,44.7,0.27
18981,P100111,P100093,24,N10004,N10010,6804.0,0,0,4,17,36.4,0.15
18981,P100111,P100105,10,N10004,N10010,3544.0,0,0,11,2,74.2,0.6
18981,P100111,P100108,17,N10004,N10010,5207.0,6,6,11,4,71.4,1.45
18981,P100111,P100132,13,N10004,N10010,3548.0,6,5,5,2,66.7,1.24
18981,P100111,P100159,14,N10004,N10010,4689.0,6,6,10,5,67.1,1.31
18981,P100111,P100161,12,N10004,N10010,2933.0,0,0,10,2,75.5,0.58
18981,P100111,P100198,15,N10004,N10010,4323.0,12,11,6,2,72.9,2.11
18981,P100111,P100201,14,N10004,N10010,5307.0,0,0,13,1,77.9,0.82
18981,P100111,P100224,8,N10004,N10010,2643.0,6,5,4,2,68.9,1.16
18981,P100111,P100230,15,N10004,N10010,4584.0,0,0,5,1,70.4,0.4
18981,P100119,P100001,10,N10004,N10010,5135.0,0,0,5,11,52.4,0.34
18981,P100119,P100002,15,N10004,N10010,5971.0,0,0,6,5,62.1,0.31
18981,P100119,P100016,45,N10004,N10010,19029.0,0,0,14,34,41.9,0.63
18981,P100119,P100039,11,N10004,N10010,5135.0,0,0,8,11,58.5,0.46
18981,P100119,P100070,21,N10004,N10010,10506.0,0,0,8,13,48.0,0.25
18981,P100119,P100093,23,N10004,N10010,8734.0,0,0,4,18,32.6,0.16
18981,P100119,P100105,16,N10004,N10010,5939.0,0,0,11,6,70.7,0.55
18981,P100119,P100108,19,N10004,N10010,8575.0,0,0,15,13,67.5,0.96
18981,P100119,P100132,17,N10004,N10010,6639.0,0,0,11,2,80.5,0.66
18981,P100119,P100159,10,N10004,N10010,4677.0,0,0,8,11,62.1,0.46
18981,P100119,P100161,20,N10004,N10010,7163.0,0,0,13,4,76.8,0.71
18981,P100119,P100198,15,N10004,N10010,5532.0,0,0,11,5,71.8,0.49
18981,P100119,P100201,20,N10004,N10010,8106.0,0,0,15,7,67.6,0.81
18981,P100119,P100224,13,N10004,N10010,5914.0,0,0,10,2,83.8,0.58
18981,P100119,P100230,18,N10004,N10010,6636.0,0,0,7,5,61.3,0.39
18981,P100138,P100001,36,N10004,N10010,15181.0,12,12,16,27,54.3,1.75
18981,P100138,P100002,33,N10004,N10010,10808.0,0,0,12,7,63.4,0.68
18981,P100138,P100016,100,N10004,N10010,37259.0,18,17,64,31,68.6,5.3
18981,P100138,P100039,35,N10004,N10010,14455.0,12,12,20,26,60.2,1.89
18981,P100138,P100070,49,N10004,N10010,19538.0,6,5,23,20,63.6,2.3
18981,P100138,P100093,48,N10004,N10010,16401.0,0,0,32,11,69.0,1.82
18981,P100138,P100105,31,N10004,N10010,10942.0,0,0,24,9,73.0,1.2
18981,P100138,P100108,36,N10004,N10010,14589.0,12,12,21,23,64.9,2.13
18981,P100138,P100132,30,N10004,N10010,10998.0,6,5,21,5,76.4,2.13
18981,P100138,P100159,32,N10004,N10010,13744.0,12,12,20,26,61.2,1.89
18981,P100138,P100161,33,N10004,N10010,10931.0,0,0,21,7,76.2,1.18
18981,P100138,P100198,40,N10004,N10010,15024.0,18,17,28,13,70.3,3.15
18981,P100138,P100201,34,N10004,N10010,11785.0,0,0,23,11,70.8,1.28
18981,P100138,P100224,25,N10004,N10010,10105.0,6,5,20,5,77.8,2.05
18981,P100138,P100230,37,N10004,N10010,11729.0,0,0,15,7,64.4,0.86
18981,P100164,P100001,14,N10004,N10010,4453.0,6,6,8,4,65.1,1.27
18981,P100164,P100002,18,N10004,N10010,5209.0,0,0,5,3,54.3,0.23
18981,P100164,P100016,40,N10004,N10010,14404.0,12,11,8,29,47.3,0.47
18981,P100164,P100039,11,N10004,N10010,3097.0,6,6,8,3,73.0,1.27
18981,P100164,P100070,18,N10004,N10010,5224.0,6,5,1,9,42.9,0.08
18981,P100164,P100093,14,N10004,N10010,3972.0,0,0,3,7,42.1,0.18
18981,P100164,P100105,11,N10004,N10010,5220.0,0,0,11,3,76.2,0.56
18981,P100164,P100108,8,N10004,N10010,2257.0,6,6,5,2,69.4,1.13
18981,P100164,P100132,14,N10004,N10010,6411.0,6,5,16,2,77.5,1.73
18981,P100164,P100159,8,N10004,N10010,2784.0,6,6,8,3,73.5,1.27
18981,P100164,P100161,12,N10004,N10010,4644.0,0,0,11,2,78.5,0.6
18981,P100164,P100198,29,N10004,N10010,12135.0,12,11,7,26,49.0,0.39
18981,P100164,P100201,11,N10004,N10010,3384.0,0,0,5,2,60.0,0.23
18981,P100164,P100224,12,N10004,N10010,6183.0,6,5,16,2,77.5,1.73
18981,P100164,P100230,17,N10004,N10010,5124.0,0,0,5,3,53.1,0.23
18981,P100197,P100001,28,N10004,N10010,10190.0,12,12,11,16,55.6,1.41
18981,P100197,P100002,20,N10004,N10010,4945.0,0,0,6,2,64.7,0.37
18981,P100197,P100016,61,N10004,N10010,19312.0,18,17,17,36,47.9,1.81
18981,P100197,P100039,26,N10004,N10010,9464.0,12,12,12,15,61.4,1.43
18981,P100197,P100070,30,N10004,N10010,9140.0,6,5,10,12,57.6,1.49
18981,P100197,P100093,26,N10004,N10010,8305.0,0,0,20,7,69.7,1.14
18981,P100197,P100105,19,N10004,N10010,5893.0,0,0,19,3,79.8,1.02
18981,P100197,P100108,19,N10004,N10010,6158.0,12,12,6,10,61.3,1.17
18981,P100197,P100132,16,N10004,N10010,4611.0,6,5,10,3,72.9,1.47
18981,P100197,P100159,23,N10004,N10010,9151.0,12,12,12,15,61.2,1.43
18981,P100197,P100161,18,N10004,N10010,4706.0,0,0,14,3,81.4,0.84
18981,P100197,P100198,30,N10004,N10010,9876.0,18,17,17,8,70.3,2.66
18981,P100197,P100201,15,N10004,N10010,4317.0,0,0,14,4,81.9,0.84
18981,P100197,P100224,15,N10004,N10010,4443.0,6,5,10,3,72.9,1.47
18981,P100197,P100230,20,N10004,N10010,5141.0,0,0,8,2,67.6,0.47
18987,P100001,P100004,22,N10007,N10010,10111.0,0,0,15,14,62.5,0.6
18987,P100001,P100009,49,N10007,N10010,20024.0,0,0,24,21,70.7,1.49
18987,P100001,P100031,15,N10007,N10010,5653.0,0,0,4,10,25.0,0.16
18987,P100001,P100032,36,N10007,N10010,14664.0,0,0,15,16,71.4,0.98
18987,P100001,P100033,13,N10007,N10010,5360.0,0,0,9,5,66.7,0.51
18987,P100001,P100034,18,N10007,N10010,5893.0,0,0,11,8,55.6,0.61
18987,P100001,P100080,11,N10007,N10010,2748.0,0,0,4,0,66.7,0.14
18987,P100001,P100099,21,N10007,N10010,10843.0,0,0,14,13,40.7,0.58
18987,P100001,P100128,18,N10007,N10010,6589.0,0,0,3,11,33.3,0.08
18987,P100001,P100170,31,N10007,N10010,14131.0,0,0,13,13,41.7,0.49
18987,P100001,P100185,19,N10007,N10010,7681.0,0,0,10,4,77.1,0.52
18987,P100001,P100214,22,N10007,N10010,11083.0,0,0,13,13,47.8,0.5
18987,P100001,P100223,11,N10007,N10010,3132.0,0,0,4,1,64.4,0.14
18987,P100001,P100232,7,N10007,N10010,2004.0,0,0,2,0,40.0,0.04
18987,P100002,P100004,12,N10007,N10010,3657.0,0,0,7,8,87.5,0.28
18987,P100002,P100009,57,N10007,N10010,19510.0,6,6,28,18,71.6,1.54
18987,P100002,P100031,30,N10007,N10010,10477.0,0,0,6,18,37.5,0.26
18987,P100002,P100032,27,N10007,N10010,7641.0,0,0,11,8,67.4,0.65
18987,P100002,P100033,32,N10007,N10010,12589.0,6,6,10,21,61.9,1.31
18987,P100002,P100034,36,N10007,N10010,13201.0,6,6,13,22,76.5,1.49
18987,P100002,P100080,17,N10007,N10010,5208.0,6,6,7,4,77.8,1.22
18987,P100002,P100099,10,N10007,N10010,3309.0,0,0,5,7,100.0,0.18
18987,P100002,P100128,32,N10007,N10010,11698.0,0,0,6,20,40.7,0.21
18987,P100002,P100170,21,N10007,N10010,6765.0,0,0,5,8,49.2,0.12
18987,P100002,P100185,35,N10007,N10010,13297.0,0,0,6,25,44.4,0.21
18987,P100002,P100214,10,N10007,N10010,3612.0,0,0,4,7,100.0,0.1
18987,P100002,P100223,17,N10007,N10010,5892.0,6,6,8,6,68.8,1.25
18987,P100002,P100232,12,N10007,N10010,3732.0,6,6,5,1,63.2,1.12
18987,P100016,P100004,30,N10007,N10010,12132.0,0,0,18,19,70.0,0.73
18987,P100016,P100009,103,N10007,N10010,37860.0,6,6,44,57,51.5,2.87
18987,P100016,P100031,39,N10007,N10010,12996.0,0,0,8,25,39.6,0.31
18987,P100016,P100032,58,N10007,N10010,21936.0,0,0,28,26,54.3,1.3
18987,P100016,P100033,50,N10007,N10010,17016.0,6,6,18,36,48.8,1.73
18987,P100016,P100034,53,N10007,N10010,17453.0,6,6,19,36,55.6,1.75
18987,P100016,P100080,32,N10007,N10010,10800.0,6,6,19,11,72.3,1.9
18987,P100016,P100099,32,N10007,N10010,14140.0,0,0,18,23,52.8,0.79
18987,P100016,P100128,44,N10007,N10010,14309.0,0,0,8,27,36.7,0.26
18987,P100016,P100170,47,N10007,N10010,20491.0,0,0,23,22,45.6,0.96
18987,P100016,P100185,49,N10007,N10010,17124.0,0,0,9,33,38.7,0.34
18987,P100016,P100214,31,N10007,N10010,13995.0,0,0,16,22,45.3,0.63
18987,P100016,P100223,30,N10007,N10010,10656.0,6,6,19,12,67.3,1.85
18987,P100016,P100232,22,N10007,N10010,8184.0,6,6,13,9,44.4,1.54
18987,P100039,P100004,9,N10007,N10010,5142.0,0,0,6,6,100.0,0.48
18987,P100039,P100009,27,N10007,N10010,11382.0,0,0,15,9,78.6,0.8
18987,P100039,P100031,14,N10007,N10010,4428.0,0,0,8,3,80.0,0.3
18987,P100039,P100032,18,N10007,N10010,7590.0,0,0,9,5,74.3,0.55
18987,P100039,P100033,9,N10007,N10010,3792.0,0,0,6,4,100.0,0.25
18987,P100039,P100034,10,N10007,N10010,3924.0,0,0,6,5,100.0,0.25
18987,P100039,P100080,3,N10007,N10010,396.0,0,0,0,0,66.7,0.0
18987,P100039,P100099,11,N10007,N10010,6066.0,0,0,6,7,,0.42
18987,P100039,P100128,13,N10007,N10010,4920.0,0,0,9,2,79.0,0.38
18987,P100039,P100170,17,N10007,N10010,7458.0,0,0,9,4,74.3,0.55
18987,P100039,P100185,15,N10007,N10010,5736.0,0,0,9,3,78.0,0.32
18987,P100039,P100214,10,N10007,N10010,6018.0,0,0,6,6,,0.42
18987,P100039,P100223,3,N10007,N10010,936.0,0,0,1,0,73.7,0.08
18987,P100039,P100232,1,N10007,N10010,132.0,0,0,0,0,50.0,0.0
18987,P100064,P100004,9,N10007,N10010,2061.0,0,0,6,5,66.7,0.26
18987,P100064,P100009,39,N10007,N10010,13445.0,0,0,25,12,83.0,1.53
18987,P100064,P100031,26,N10007,N10010,8240.0,0,0,13,5,87.5,0.75
18987,P100064,P100032,11,N10007,N10010,2712.0,0,0,2,3,81.8,0.16
18987,P100064,P100033,28,N10007,N10010,10733.0,0,0,23,9,83.3,1.37
18987,P100064,P100034,31,N10007,N10010,11177.0,0,0,23,10,83.3,1.37
18987,P100064,P100080,5,N10007,N10010,1416.0,0,0,0,3,,0.0
18987,P100064,P100099,9,N10007,N10010,3321.0,0,0,7,7,47.7,0.34
18987,P100064,P100128,26,N10007,N10010,8825.0,0,0,15,5,89.1,0.91
18987,P100064,P100170,8,N10007,N10010,2268.0,0,0,2,2,81.8,0.16
18987,P100064,P100185,27,N10007,N10010,10340.0,0,0,16,6,87.8,0.87
18987,P100064,P100214,5,N10007,N10010,2904.0,0,0,6,7,37.1,0.26
18987,P100064,P100223,7,N10007,N10010,2184.0,0,0,1,5,14.3,0.03
18987,P100064,P100232,3,N10007,N10010,1044.0,0,0,0,4,12.5,0.0
18987,P100105,P100004,13,N10007,N10010,6939.0,0,0,10,6,100.0,0.41
18987,P100105,P100009,43,N10007,N10010,17880.0,0,0,20,26,72.3,1.05
18987,P100105,P100031,11,N10007,N10010,2961.0,0,0,2,7,30.3,0.05
18987,P100105,P100032,31,N10007,N10010,15983.0,0,0,17,23,69.8,0.93
18987,P100105,P100033,15,N10007,N10010,2269.0,0,0,4,5,86.7,0.2
18987,P100105,P100034,14,N10007,N10010,2202.0,0,0,3,5,72.2,0.12
18987,P100105,P100080,14,N10007,N10010,6288.0,0,0,15,6,81.2,0.8
18987,P100105,P100099,11,N10007,N10010,7495.0,0,0,9,6,,0.39
18987,P100105,P100128,18,N10007,N10010,4097.0,0,0,8,2,76.8,0.36
18987,P100105,P100170,26,N10007,N10010,15306.0,0,0,16,19,72.3,0.85
18987,P100105,P100185,19,N10007,N10010,5253.0,0,0,9,3,77.0,0.44
18987,P100105,P100214,14,N10007,N10010,7899.0,0,0,9,6,,0.39
18987,P100105,P100223,18,N10007,N10010,7020.0,0,0,15,7,68.8,0.8
18987,P100105,P100232,9,N10007,N10010,4464.0,0,0,9,3,66.7,0.44
18987,P100108,P100004,19,N10007,N10010,8559.0,0,0,11,12,64.7,0.46
18987,P100108,P100009,56,N10007,N10010,20785.0,0,0,31,27,72.9,1.77
18987,P100108,P100031,14,N10007,N10010,3766.0,0,0,1,8,55.0,0.03
18987,P100108,P100032,36,N10007,N10010,14866.0,0,0,15,20,68.8,0.83
18987,P100108,P100033,23,N10007,N10010,6291.0,0,0,9,17,50.7,0.46
18987,P100108,P100034,23,N10007,N10010,6363.0,0,0,7,16,53.2,0.3
18987,P100108,P100080,22,N10007,N10010,6672.0,0,0,13,7,53.3,0.7
18987,P100108,P100099,22,N10007,N10010,10767.0,0,0,13,16,52.8,0.62
18987,P100108,P100128,16,N10007,N10010,4147.0,0,0,2,9,45.5,0.06
18987,P100108,P100170,30,N10007,N10010,14050.0,0,0,18,14,22.2,0.84
18987,P100108,P100185,18,N10007,N10010,5302.0,0,0,3,9,0.0,0.14
18987,P100108,P100214,19,N10007,N10010,10158.0,0,0,12,15,45.3,0.54
18987,P100108,P100223,19,N10007,N10010,6060.0,0,0,13,7,0.0,0.65
18987,P100108,P100232,15,N10007,N10010,5328.0,0,0,9,8,33.3,0.44
18987,P100132,P100004,3,N10007,N10010,1944.0,0,0,5,1,,0.24
18987,P100132,P100009,35,N10007,N10010,14424.0,0,0,18,16,68.8,0.83
18987,P100132,P100031,12,N10007,N10010,5544.0,0,0,8,2,76.2,0.42
18987,P100132,P100032,22,N10007,N10010,8688.0,0,0,11,13,68.8,0.45
18987,P100132,P100033,16,N10007,N10010,6108.0,0,0,8,5,,0.46
18987,P100132,P100034,14,N10007,N10010,5940.0,0,0,7,3,,0.38
18987,P100132,P100080,16,N10007,N10010,6228.0,0,0,9,8,59.4,0.55
18987,P100132,P100099,6,N10007,N10010,2352.0,0,0,5,3,0.0,0.24
18987,P100132,P100128,15,N10007,N10010,6132.0,0,0,8,2,70.8,0.42
18987,P100132,P100170,18,N10007,N10010,8112.0,0,0,10,11,68.8,0.37
18987,P100132,P100185,21,N10007,N10010,7740.0,0,0,13,2,73.7,0.64
18987,P100132,P100214,5,N10007,N10010,2112.0,0,0,5,2,,0.24
18987,P100132,P100223,16,N10007,N10010,6480.0,0,0,9,7,69.7,0.55
18987,P100132,P100232,9,N10007,N10010,3516.0,0,0,5,2,52.2,0.29
18987,P100198,P100004,17,N10007,N10010,5589.0,0,0,9,13,58.3,0.33
18987,P100198,P100009,51,N10007,N10010,18025.0,6,6,36,18,74.3,2.02
18987,P100198,P100031,23,N10007,N10010,8788.0,0,0,7,17,46.2,0.28
18987,P100198,P100032,23,N10007,N10010,5862.0,0,0,10,6,100.0,0.63
18987,P100198,P100033,30,N10007,N10010,12883.0,6,6,12,30,44.6,1.4
18987,P100198,P100034,33,N10007,N10010,13140.0,6,6,31,13,71.4,1.73
18987,P100198,P100080,11,N10007,N10010,3432.0,6,6,3,5,54.5,1.08
18987,P100198,P100099,22,N10007,N10010,7189.0,0,0,10,18,46.0,0.41
18987,P100198,P100128,22,N10007,N10010,8676.0,0,0,6,17,0.0,0.2
18987,P100198,P100170,18,N10007,N10010,5341.0,0,0,5,7,0.0,0.13
18987,P100198,P100185,26,N10007,N10010,10396.0,0,0,6,23,0.0,0.2
18987,P100198,P100214,20,N10007,N10010,6801.0,0,0,8,17,37.0,0.25
18987,P100198,P100223,6,N10007,N10010,2340.0,6,6,2,4,0.0,1.0
18987,P100198,P100232,8,N10007,N10010,2844.0,6,6,3,6,30.8,1.08
18987,P100201,P100004,8,N10007,N10010,2021.0,0,0,3,5,78.6,0.13
18987,P100201,P100009,54,N10007,N10010,17836.0,6,6,33,23,74.7,1.66
18987,P100201,P100031,24,N10007,N10010,7343.0,0,0,4,15,48.5,0.15
18987,P100201,P100032,22,N10007,N10010,7272.0,0,0,11,12,61.1,0.5
18987,P100201,P100033,37,N10007,N10010,11656.0,6,6,13,27,52.2,1.6
18987,P100201,P100034,35,N10007,N10010,11560.0,6,6,11,25,52.2,1.44
18987,P100201,P100080,21,N10007,N10010,8052.0,6,6,15,11,85.7,1.76
18987,P100201,P100099,11,N10007,N10010,3297.0,0,0,4,10,60.0,0.21
18987,P100201,P100128,26,N10007,N10010,7720.0,0,0,5,16,41.7,0.18
18987,P100201,P100170,16,N10007,N10010,6360.0,0,0,10,9,75.0,0.47
18987,P100201,P100185,30,N10007,N10010,9443.0,0,0,5,23,29.4,0.18
18987,P100201,P100214,9,N10007,N10010,2912.0,0,0,3,9,43.3,0.13
18987,P100201,P100223,19,N10007,N10010,7524.0,6,6,15,11,100.0,1.71
18987,P100201,P100232,15,N10007,N10010,6180.0,6,6,11,9,46.7,1.5
18987,P100224,P100004,9,N10007,N10010,3864.0,0,0,5,8,74.1,0.19
18987,P100224,P100009,47,N10007,N10010,15597.0,6,6,20,25,56.0,1.06
18987,P100224,P100031,11,N10007,N10010,2889.0,0,0,3,6,,0.14
18987,P100224,P100032,34,N10007,N10010,12229.0,0,0,15,19,59.4,0.82
18987,P100224,P100033,18,N10007,N10010,4460.0,6,6,10,8,50.0,0.64
18987,P100224,P100034,18,N10007,N10010,4568.0,6,6,10,8,42.9,0.58
18987,P100224,P100080,25,N10007,N10010,8880.0,6,6,18,8,74.4,1.82
18987,P100224,P100099,10,N10007,N10010,4308.0,0,0,4,9,60.7,0.17
18987,P100224,P100128,16,N10007,N10010,3681.0,0,0,4,7,,0.17
18987,P100224,P100170,26,N10007,N10010,11113.0,0,0,15,11,60.7,0.6
18987,P100224,P100185,20,N10007,N10010,4941.0,0,0,11,4,88.9,0.71
18987,P100224,P100214,11,N10007,N10010,4488.0,0,0,3,8,61.1,0.09
18987,P100224,P100223,23,N10007,N10010,8124.0,6,6,18,8,78.8,1.77
18987,P100224,P100232,18,N10007,N10010,6744.0,6,6,12,5,64.0,1.46
18987,P100230,P100004,24,N10007,N10010,8826.0,0,0,12,15,70.0,0.41
18987,P100230,P100009,45,N10007,N10010,15541.0,6,6,25,22,67.1,1.44
18987,P100230,P100031,8,N10007,N10010,1987.0,0,0,1,7,56.0,0.02
18987,P100230,P100032,24,N10007,N10010,9401.0,0,0,9,13,0.0,0.56
18987,P100230,P100033,23,N10007,N10010,6860.0,6,6,20,9,70.1,1.2
18987,P100230,P100034,25,N10007,N10010,7009.0,6,6,19,11,67.1,1.12
18987,P100230,P100080,15,N10007,N10010,4680.0,6,6,11,3,100.0,1.43
18987,P100230,P100099,23,N10007,N10010,9850.0,0,0,11,18,55.9,0.39
18987,P100230,P100128,10,N10007,N10010,2112.0,0,0,1,7,50.0,0.02
18987,P100230,P100170,20,N10007,N10010,8988.0,0,0,8,11,,0.48
18987,P100230,P100185,8,N10007,N10010,2587.0,0,0,9,1,83.3,0.48
18987,P100230,P100214,25,N10007,N10010,10041.0,0,0,10,18,45.3,0.31
18987,P100230,P100223,11,N10007,N10010,3588.0,6,6,10,3,100.0,1.35
18987,P100230,P100232,13,N10007,N10010,4932.0,6,6,9,7,36.4,1.33
