sequence_id,game_id,sequence_index,first_event,last_event,event_count,start_team,end_team,start_zone,end_zone,has_goal,start_seconds,end_seconds,duration_seconds
SQ1896900002,18969,2,1000.0,1000.0,1,,,,,False,,,
SQ1896900003,18969,3,1001.0,1005.0,5,Home,Home,n,n,False,1069.0,1080.0,11.0
SQ1896900004,18969,4,1006.0,1015.0,10,Home,Away,n,o,False,1048.0,1069.0,21.0
SQ1896900005,18969,5,1016.0,1023.0,8,Away,Home,o,o,False,1028.0,1047.0,19.0
SQ1896900006,18969,6,1024.0,1024.0,1,Away,Away,d,d,False,1025.0,1025.0,0.0
SQ1896900007,18969,7,1025.0,1039.0,15,Away,Away,d,n,False,1000.0,1022.0,22.0
SQ1896900008,18969,8,1040.0,1041.0,2,Away,Away,n,n,False,995.0,995.0,0.0
SQ1896900009,18969,9,1042.0,1058.0,17,Home,Home,o,o,False,948.0,974.0,26.0
SQ1896900010,18969,10,1059.0,1066.0,8,Home,Away,o,n,False,937.0,943.0,6.0
SQ1896900011,18969,11,1067.0,1070.0,4,Away,Home,n,d,False,932.0,937.0,5.0
SQ1896900012,18969,12,1071.0,1075.0,5,Home,Away,d,o,False,923.0,932.0,9.0
SQ1896900013,18969,13,1076.0,1079.0,4,Away,Home,o,d,False,914.0,923.0,9.0
SQ1896900014,18969,14,1080.0,1083.0,4,Home,Away,d,o,False,904.0,912.0,8.0
SQ1896900015,18969,15,1084.0,1085.0,2,Away,Home,o,d,False,902.0,904.0,2.0
SQ1896900016,18969,16,1086.0,1089.0,4,Home,Away,d,o,False,894.0,899.0,5.0
SQ1896900017,18969,17,1090.0,1096.0,7,Away,Home,o,o,False,882.0,894.0,12.0
SQ1896900018,18969,18,1097.0,1099.0,3,Away,Home,d,n,False,876.0,880.0,4.0
SQ1896900019,18969,19,1100.0,1102.0,3,Away,Home,n,n,False,873.0,874.0,1.0
SQ1896900020,18969,20,1103.0,1103.0,1,Away,Away,n,n,False,873.0,871.0,-2.0
SQ1896900021,18969,21,1104.0,1105.0,2,Away,Away,n,n,False,871.0,871.0,0.0
SQ1896900022,18969,22,1106.0,1113.0,8,Away,Home,d,o,False,838.0,848.0,10.0
SQ1896900023,18969,23,1114.0,1116.0,3,Home,Home,o,o,False,836.0,838.0,2.0
SQ1896900024,18969,24,1117.0,1118.0,2,Away,Away,d,d,False,831.0,835.0,4.0
SQ1896900025,18969,25,1119.0,1121.0,3,Away,Home,d,o,False,830.0,831.0,1.0
SQ1896900026,18969,26,1122.0,1124.0,3,Home,Away,o,d,False,826.0,827.0,1.0
SQ1896900027,18969,27,1125.0,1130.0,6,Away,Away,d,d,False,813.0,819.0,6.0
SQ1896900028,18969,28,1131.0,1139.0,9,Away,Away,d,d,False,798.0,813.0,15.0
SQ1896900029,18969,29,1140.0,1145.0,6,Home,Away,o,d,False,787.0,796.0,9.0
SQ1896900030,18969,30,1146.0,1151.0,6,Away,Home,d,o,False,776.0,787.0,11.0
SQ1896900031,18969,31,1152.0,1167.0,16,Home,Home,o,o,False,755.0,776.0,21.0
SQ1896900032,18969,32,1168.0,1169.0,2,Home,Away,o,d,False,751.0,755.0,4.0
SQ1896900033,18969,33,1170.0,1170.0,1,Home,Home,o,o,False,745.0,745.0,0.0
SQ1896900034,18969,34,1171.0,1172.0,2,Home,Away,o,d,False,739.0,744.0,5.0
SQ1896900035,18969,35,1173.0,1190.0,18,Away,Home,d,o,True,711.0,739.0,28.0
SQ1896900036,18969,36,1191.0,1192.0,2,Home,Home,o,o,False,710.0,711.0,1.0
SQ1896900037,18969,37,1193.0,1196.0,4,Home,Home,n,n,False,680.0,687.0,7.0
SQ1896900038,18969,38,1197.0,1198.0,2,Home,Home,n,n,False,680.0,680.0,0.0
SQ1896900039,18969,39,1199.0,1200.0,2,Home,Home,d,d,False,654.0,657.0,3.0
SQ1896900040,18969,40,1201.0,1203.0,3,Home,Away,d,o,False,649.0,652.0,3.0
SQ1896900041,18969,41,1204.0,1211.0,8,Away,Home,o,o,False,641.0,649.0,8.0
SQ1896900042,18969,42,1212.0,1219.0,8,Home,Home,o,d,False,624.0,641.0,17.0
SQ1896900043,18969,43,1220.0,1221.0,2,Home,Home,d,d,False,624.0,624.0,0.0
SQ1896900044,18969,44,1222.0,1222.0,1,Home,Home,d,d,False,606.0,606.0,0.0
SQ1896900045,18969,45,1223.0,1227.0,5,Home,Home,d,d,False,599.0,603.0,4.0
SQ1896900046,18969,46,1228.0,1229.0,2,Home,Home,d,d,False,597.0,597.0,0.0
SQ1896900047,18969,47,1230.0,1233.0,4,Home,Home,d,d,False,578.0,585.0,7.0
SQ1896900048,18969,48,1234.0,1239.0,6,Home,Home,n,n,False,568.0,578.0,10.0
SQ1896900049,18969,49,1240.0,1244.0,5,Home,Away,n,n,False,561.0,568.0,7.0
SQ1896900050,18969,50,1245.0,1246.0,2,Away,Home,n,n,False,558.0,561.0,3.0
SQ1896900051,18969,51,1247.0,1255.0,9,Away,Away,n,n,False,549.0,556.0,7.0
SQ1896900052,18969,52,1256.0,1260.0,5,Away,Home,n,d,False,541.0,549.0,8.0
SQ1896900053,18969,53,1261.0,1263.0,3,Home,Away,d,o,False,539.0,541.0,2.0
SQ1896900054,18969,54,1264.0,1270.0,7,Home,Home,o,o,False,530.0,538.0,8.0
SQ1896900055,18969,55,1271.0,1274.0,4,Away,Away,d,d,False,524.0,528.0,4.0
SQ1896900056,18969,56,1275.0,1277.0,3,Away,Home,d,n,False,522.0,524.0,2.0
SQ1896900057,18969,57,1278.0,1280.0,3,Home,Away,n,n,False,518.0,522.0,4.0
SQ1896900058,18969,58,1281.0,1289.0,9,Away,Away,n,d,False,506.0,518.0,12.0
SQ1896900059,18969,59,1290.0,1291.0,2,Away,Away,d,d,False,499.0,499.0,0.0
SQ1896900060,18969,60,1292.0,1306.0,15,Away,Home,d,o,False,448.0,477.0,29.0
SQ1896900061,18969,61,1307.0,1308.0,2,Home,Home,o,o,False,444.0,444.0,0.0
SQ1896900062,18969,62,1309.0,1312.0,4,Away,Home,d,o,False,413.0,417.0,4.0
SQ1896900063,18969,63,1313.0,1318.0,6,Home,Away,o,o,False,403.0,413.0,10.0
SQ1896900064,18969,64,1319.0,1327.0,9,Away,Away,o,d,False,392.0,403.0,11.0
SQ1896900065,18969,65,1328.0,1336.0,9,Away,Home,d,o,False,374.0,392.0,18.0
SQ1896900066,18969,66,1337.0,1338.0,2,Home,Away,o,d,False,372.0,374.0,2.0
SQ1896900067,18969,67,1339.0,1355.0,17,Away,Away,d,o,True,348.0,372.0,24.0
SQ1896900068,18969,68,1356.0,1357.0,2,Away,Away,o,o,False,348.0,348.0,0.0
SQ1896900069,18969,69,1358.0,1377.0,20,Home,Home,n,o,False,294.0,320.0,26.0
SQ1896900070,18969,70,1378.0,1379.0,2,Home,Away,o,d,False,291.0,294.0,3.0
SQ1896900071,18969,71,1380.0,1381.0,2,Away,Away,d,d,False,289.0,289.0,0.0
SQ1896900072,18969,72,1382.0,1384.0,3,Home,Away,o,d,False,266.0,266.0,0.0
SQ1896900073,18969,73,1385.0,1386.0,2,Away,Away,d,d,False,265.0,265.0,0.0
SQ1896900074,18969,74,1387.0,1397.0,11,Home,Home,o,o,False,237.0,253.0,16.0
SQ1896900075,18969,75,1398.0,1401.0,4,Away,Away,d,d,False,232.0,237.0,5.0
SQ1896900076,18969,76,1402.0,1403.0,2,Away,Home,d,n,False,230.0,232.0,2.0
SQ1896900077,18969,77,1404.0,1407.0,4,Home,Away,n,d,False,226.0,230.0,4.0
SQ1896900078,18969,78,1408.0,1411.0,4,Away,Home,d,o,False,218.0,226.0,8.0
SQ1896900079,18969,79,1412.0,1424.0,13,Home,Away,d,o,True,203.0,218.0,15.0
SQ1896900080,18969,80,1425.0,1426.0,2,Away,Away,o,o,False,203.0,203.0,0.0
SQ1896900081,18969,81,1427.0,1432.0,6,Home,Away,n,d,False,170.0,177.0,7.0
SQ1896900082,18969,82,1433.0,1434.0,2,Away,Away,d,d,False,170.0,170.0,0.0
SQ1896900083,18969,83,1435.0,1436.0,2,Away,Away,d,d,False,148.0,150.0,2.0
SQ1896900084,18969,84,1437.0,1438.0,2,Away,Away,d,d,False,140.0,140.0,0.0
SQ1896900085,18969,85,1439.0,1445.0,7,Home,Away,d,d,False,109.0,119.0,10.0
SQ1896900086,18969,86,1446.0,1453.0,8,Away,Away,d,d,False,104.0,109.0,5.0
SQ1896900087,18969,87,1454.0,1455.0,2,Away,Away,d,d,False,104.0,104.0,0.0
SQ1896900088,18969,88,1456.0,1465.0,10,Away,Away,d,o,False,65.0,84.0,19.0
SQ1896900089,18969,89,1466.0,1467.0,2,Away,Away,o,o,False,62.0,62.0,0.0
SQ1896900090,18969,90,1468.0,1474.0,7,Away,Home,o,o,False,29.0,42.0,13.0
SQ1896900091,18969,91,1475.0,1479.0,5,Home,Away,d,d,False,24.0,29.0,5.0
SQ1896900092,18969,92,1480.0,1483.0,4,Away,Home,d,d,False,18.0,24.0,6.0
SQ1896900093,18969,93,1484.0,1488.0,5,Home,Away,d,o,False,12.0,18.0,6.0
SQ1896900094,18969,94,1489.0,1492.0,4,Away,Home,o,n,False,8.0,12.0,4.0
SQ1896900095,18969,95,1493.0,1495.0,3,Away,Away,n,n,False,3.0,6.0,3.0
SQ1896900096,18969,96,1496.0,1496.0,1,Away,Away,,,False,0.0,0.0,0.0
SQ1896900097,18969,97,1497.0,1497.0,1,Away,Away,,,False,3339.0,3267.0,-72.0
SQ1896900098,18969,98,1498.0,1510.0,13,Away,Away,n,o,False,1063.0,1080.0,17.0
SQ1896900099,18969,99,1511.0,1526.0,16,Away,Away,o,o,False,1035.0,1063.0,28.0
SQ1896900100,18969,100,1527.0,1532.0,6,Home,Home,d,o,False,1021.0,1031.0,10.0
SQ1896900101,18969,101,1533.0,1541.0,9,Home,Away,o,o,False,1004.0,1018.0,14.0
SQ1896900102,18969,102,1542.0,1545.0,4,Away,Home,o,d,False,1001.0,1004.0,3.0
SQ1896900103,18969,103,1546.0,1549.0,4,Home,Home,d,d,False,996.0,1001.0,5.0
SQ1896900104,18969,104,1550.0,1551.0,2,Home,Home,d,d,False,994.0,994.0,0.0
SQ1896900105,18969,105,1552.0,1553.0,2,Away,Away,o,o,False,972.0,974.0,2.0
SQ1896900106,18969,106,1554.0,1557.0,4,Away,Home,o,o,False,967.0,972.0,5.0
SQ1896900107,18969,107,1558.0,1568.0,11,Home,Away,o,o,False,949.0,964.0,15.0
SQ1896900108,18969,108,1569.0,1570.0,2,Away,Home,o,d,False,945.0,949.0,4.0
SQ1896900109,18969,109,1571.0,1611.0,41,Home,Home,d,o,False,889.0,943.0,54.0
SQ1896900110,18969,110,1612.0,1617.0,6,Away,Away,d,o,False,878.0,887.0,9.0
SQ1896900111,18969,111,1618.0,1619.0,2,Away,Away,o,o,False,878.0,878.0,0.0
SQ1896900112,18969,112,1620.0,1626.0,7,Home,Home,d,o,False,844.0,855.0,11.0
SQ1896900113,18969,113,1627.0,1628.0,2,Away,Away,d,d,False,842.0,842.0,0.0
SQ1896900114,18969,114,1629.0,1631.0,3,Home,Home,o,o,False,823.0,826.0,3.0
SQ1896900115,18969,115,1632.0,1633.0,2,Home,Away,o,d,False,820.0,823.0,3.0
SQ1896900116,18969,116,1634.0,1642.0,9,Away,Away,d,d,False,812.0,820.0,8.0
SQ1896900117,18969,117,1643.0,1647.0,5,Away,Home,d,n,False,801.0,812.0,11.0
SQ1896900118,18969,118,1648.0,1655.0,8,Home,Away,n,o,False,790.0,801.0,11.0
SQ1896900119,18969,119,1656.0,1662.0,7,Away,Away,o,n,False,776.0,790.0,14.0
SQ1896900120,18969,120,1663.0,1664.0,2,Away,Away,n,n,False,772.0,772.0,0.0
SQ1896900121,18969,121,1665.0,1678.0,14,Home,Away,o,d,False,741.0,752.0,11.0
SQ1896900122,18969,122,1679.0,1680.0,2,Away,Away,d,d,False,741.0,741.0,0.0
SQ1896900123,18969,123,1681.0,1683.0,3,Away,Away,d,d,False,711.0,717.0,6.0
SQ1896900124,18969,124,1684.0,1699.0,16,Away,Away,d,d,False,681.0,711.0,30.0
SQ1896900125,18969,125,1700.0,1702.0,3,Away,Home,d,o,False,678.0,680.0,2.0
SQ1896900126,18969,126,1703.0,1706.0,4,Away,Away,d,d,False,676.0,678.0,2.0
SQ1896900127,18969,127,1707.0,1710.0,4,Away,Home,d,d,False,666.0,676.0,10.0
SQ1896900128,18969,128,1711.0,1713.0,3,Home,Away,d,o,False,663.0,666.0,3.0
SQ1896900129,18969,129,1714.0,1717.0,4,Home,Home,d,d,False,659.0,662.0,3.0
SQ1896900130,18969,130,1718.0,1730.0,13,Home,Away,d,n,False,633.0,659.0,26.0
SQ1896900131,18969,131,1731.0,1744.0,14,Away,Home,n,o,False,610.0,633.0,23.0
SQ1896900132,18969,132,1745.0,1764.0,20,Home,Away,o,d,False,583.0,610.0,27.0
SQ1896900133,18969,133,1765.0,1776.0,12,Away,Away,d,o,False,563.0,583.0,20.0
SQ1896900134,18969,134,1777.0,1780.0,4,Away,Away,o,n,False,557.0,563.0,6.0
SQ1896900135,18969,135,1781.0,1783.0,3,Away,Home,n,d,False,550.0,557.0,7.0
SQ1896900136,18969,136,1784.0,1786.0,3,Home,Away,d,o,False,547.0,550.0,3.0
SQ1896900137,18969,137,1787.0,1789.0,3,Home,Away,d,o,False,543.0,545.0,2.0
SQ1896900138,18969,138,1790.0,1800.0,11,Away,Home,o,o,False,529.0,543.0,14.0
SQ1896900139,18969,139,1801.0,1805.0,5,Home,Away,o,d,False,522.0,529.0,7.0
SQ1896900140,18969,140,1806.0,1810.0,5,Away,Home,d,n,False,518.0,522.0,4.0
SQ1896900141,18969,141,1811.0,1813.0,3,Away,Away,n,n,False,514.0,515.0,1.0
SQ1896900142,18969,142,1814.0,1819.0,6,Away,Home,n,o,False,505.0,514.0,9.0
SQ1896900143,18969,143,1820.0,1831.0,12,Home,Home,o,n,False,490.0,505.0,15.0
SQ1896900144,18969,144,1832.0,1836.0,5,Home,Away,n,n,False,482.0,490.0,8.0
SQ1896900145,18969,145,1837.0,1842.0,6,Home,Home,n,o,False,472.0,482.0,10.0
SQ1896900146,18969,146,1843.0,1848.0,6,Home,Home,o,n,False,465.0,472.0,7.0
SQ1896900147,18969,147,1849.0,1859.0,11,Home,Home,n,d,False,446.0,465.0,19.0
SQ1896900148,18969,148,1860.0,1861.0,2,Home,Home,d,d,False,445.0,445.0,0.0
SQ1896900149,18969,149,1862.0,1865.0,4,Home,Away,d,n,False,411.0,419.0,8.0
SQ1896900150,18969,150,1866.0,1876.0,11,Away,Away,n,d,False,384.0,411.0,27.0
SQ1896900151,18969,151,1877.0,1882.0,6,Away,Home,d,n,False,367.0,384.0,17.0
SQ1896900152,18969,152,1883.0,1890.0,8,Home,Home,n,d,False,357.0,367.0,10.0
SQ1896900153,18969,153,1891.0,1892.0,2,Home,Home,d,d,False,357.0,357.0,0.0
SQ1896900154,18969,154,1893.0,1895.0,3,Away,Home,o, d,False,330.0,334.0,4.0
SQ1896900155,18969,155,1896.0,1902.0,7,Home,Away, d,o,False,322.0,330.0,8.0
SQ1896900156,18969,156,1903.0,1907.0,5,Away,Home,o,n,False,314.0,322.0,8.0
SQ1896900157,18969,157,1908.0,1909.0,2,Away,Away,n,n,False,311.0,312.0,1.0
SQ1896900158,18969,158,1910.0,1918.0,9,Away,Home,n,n,False,295.0,311.0,16.0
SQ1896900159,18969,159,1919.0,1925.0,7,Home,Away,n,o,False,282.0,295.0,13.0
SQ1896900160,18969,160,1926.0,1928.0,3,Away,Home,o,d,False,275.0,282.0,7.0
SQ1896900161,18969,161,1929.0,1942.0,14,Home,Away,d,d,False,260.0,275.0,15.0
SQ1896900162,18969,162,1943.0,1944.0,2,Away,Away,d,d,False,260.0,260.0,0.0
SQ1896900163,18969,163,1945.0,1958.0,14,Home,Home,o,o,False,220.0,237.0,17.0
SQ1896900164,18969,164,1959.0,1960.0,2,Home,Away,o,d,False,217.0,220.0,3.0
SQ1896900165,18969,165,1961.0,1976.0,16,Away,Home,d,o,True,194.0,215.0,21.0
SQ1896900166,18969,166,1977.0,1978.0,2,Home,Home,o,o,False,194.0,194.0,0.0
SQ1896900167,18969,167,1979.0,1982.0,4,Away,Away,n,n,False,165.0,167.0,2.0
SQ1896900168,18969,168,1983.0,1985.0,3,Away,Home,n,d,False,156.0,165.0,9.0
SQ1896900169,18969,169,1986.0,1995.0,10,Home,Away,d,n,False,139.0,156.0,17.0
SQ1896900170,18969,170,1996.0,2007.0,12,Away,Away,n,o,False,118.0,139.0,21.0
SQ1896900171,18969,171,2008.0,2009.0,2,Home,Home,d,d,False,116.0,117.0,1.0
SQ1896900172,18969,172,2010.0,2018.0,9,Away,Home,o,d,False,95.0,115.0,20.0
SQ1896900173,18969,173,2019.0,2020.0,2,Home,Home,d,d,False,95.0,95.0,0.0
SQ1896900174,18969,174,2021.0,2035.0,15,Away,Away,o,n,False,36.0,55.0,19.0
SQ1896900175,18969,175,2036.0,2045.0,10,Away,Away,n,d,False,30.0,36.0,6.0
SQ1896900176,18969,176,2046.0,2047.0,2,Away,Away,d,d,False,25.0,25.0,0.0
SQ1896900177,18969,177,2048.0,2048.0,1,Away,Away,,,False,1.0,0.0,-1.0
SQ1896900178,18969,178,2049.0,2049.0,1,,,,,False,873.0,819.0,-54.0
SQ1896900179,18969,179,2050.0,2056.0,7,Home,Away,n,o,False,1064.0,1080.0,16.0
SQ1896900180,18969,180,2057.0,2058.0,2,Home,Home,d,d,False,1062.0,1062.0,0.0
SQ1896900181,18969,181,2059.0,2068.0,10,Home,Away,o,o,True,1048.0,1061.0,13.0
SQ1896900182,18969,182,2069.0,2070.0,2,Away,Away,o,o,False,1048.0,1048.0,0.0
SQ1896900183,18969,183,2071.0,2074.0,4,Home,Home,n,o,False,1017.0,1021.0,4.0
SQ1896900184,18969,184,2075.0,2081.0,7,Home,Away,o,n,False,1006.0,1017.0,11.0
SQ1896900185,18969,185,2082.0,2085.0,4,Home,Home,n,o,False,1002.0,1005.0,3.0
SQ1896900186,18969,186,2086.0,2087.0,2,Home,Home,o,o,False,1001.0,1001.0,0.0
SQ1896900187,18969,187,2088.0,2091.0,4,Home,Away,o,d,False,975.0,977.0,2.0
SQ1896900188,18969,188,2092.0,2093.0,2,Away,Away,d,d,False,973.0,973.0,0.0
SQ1896900189,18969,189,2094.0,2120.0,27,Away,Away,d,o,False,926.0,962.0,36.0
SQ1896900190,18969,190,2121.0,2122.0,2,Away,Home,o,d,False,925.0,926.0,1.0
SQ1896900191,18969,191,2123.0,2125.0,3,Home,Away,o,o,False,920.0,923.0,3.0
SQ1896900192,18969,192,2126.0,2132.0,7,Away,Home,o,n,False,905.0,920.0,15.0
SQ1896900193,18969,193,2133.0,2141.0,9,Home,Home,n,d,False,886.0,904.0,18.0
SQ1896900194,18969,194,2142.0,2145.0,4,Home,Away,d,o,False,885.0,895.0,10.0
SQ1896900195,18969,195,2146.0,2150.0,5,Home,Home,d,o,False,876.0,884.0,8.0
SQ1896900196,18969,196,2151.0,2158.0,8,Home,Away,o,o,False,863.0,876.0,13.0
SQ1896900197,18969,197,2159.0,2175.0,17,Away,Away,o,d,False,836.0,863.0,27.0
SQ1896900198,18969,198,2176.0,2177.0,2,Away,Away,d,d,False,835.0,835.0,0.0
SQ1896900199,18969,199,2178.0,2181.0,4,Home,Home,o,o,False,810.0,813.0,3.0
SQ1896900200,18969,200,2182.0,2186.0,5,Home,Away,o,o,False,804.0,810.0,6.0
SQ1896900201,18969,201,2187.0,2195.0,9,Away,Home,o,n,False,794.0,801.0,7.0
SQ1896900202,18969,202,2196.0,2207.0,12,Home,Home,n,d,False,773.0,794.0,21.0
SQ1896900203,18969,203,2208.0,2211.0,4,Home,Home,d,d,False,770.0,773.0,3.0
SQ1896900204,18969,204,2212.0,2213.0,2,Home,Home,d,d,False,769.0,769.0,0.0
SQ1896900205,18969,205,2214.0,2219.0,6,Away,Away,o,o,False,736.0,745.0,9.0
SQ1896900206,18969,206,2220.0,2226.0,7,Away,Home,o,o,False,725.0,736.0,11.0
SQ1896900207,18969,207,2227.0,2228.0,2,Away,Away,d,d,False,723.0,724.0,1.0
SQ1896900208,18969,208,2229.0,2232.0,4,Home,Home,o,o,False,719.0,721.0,2.0
SQ1896900209,18969,209,2233.0,2236.0,4,Home,Away,o,d,False,712.0,719.0,7.0
SQ1896900210,18969,210,2237.0,2241.0,5,Away,Home,d,o,False,701.0,712.0,11.0
SQ1896900211,18969,211,2242.0,2244.0,3,Home,Home,o,o,False,698.0,701.0,3.0
SQ1896900212,18969,212,2245.0,2253.0,9,Home,Away,o,o,False,685.0,698.0,13.0
SQ1896900213,18969,213,2254.0,2263.0,10,Away,Home,o,o,True,676.0,685.0,9.0
SQ1896900214,18969,214,2264.0,2265.0,2,Home,Home,o,o,False,676.0,676.0,0.0
SQ1896900215,18969,215,2266.0,2274.0,9,Home,Away,n,d,False,640.0,651.0,11.0
SQ1896900216,18969,216,2275.0,2276.0,2,Away,Away,d,d,False,639.0,639.0,0.0
SQ1896900217,18969,217,2277.0,2278.0,2,Home,Home,o,o,False,623.0,624.0,1.0
SQ1896900218,18969,218,2279.0,2288.0,10,Home,Home,o,o,False,605.0,623.0,18.0
SQ1896900219,18969,219,2289.0,2290.0,2,Home,Away,o,d,False,603.0,605.0,2.0
SQ1896900220,18969,220,2291.0,2294.0,4,Away,Home,d,n,False,598.0,603.0,5.0
SQ1896900221,18969,221,2295.0,2296.0,2,Home,Away,n,d,False,592.0,598.0,6.0
SQ1896900222,18969,222,2297.0,2298.0,2,Away,Away,d,d,False,584.0,584.0,0.0
SQ1896900223,18969,223,2299.0,2304.0,6,Home,Away,o,d,False,550.0,559.0,9.0
SQ1896900224,18969,224,2305.0,2310.0,6,Away,Away,d,d,False,548.0,550.0,2.0
SQ1896900225,18969,225,2311.0,2312.0,2,Away,Away,d,d,False,545.0,545.0,0.0
SQ1896900226,18969,226,2313.0,2318.0,6,Away,Away,d,d,False,521.0,530.0,9.0
SQ1896900227,18969,227,2319.0,2327.0,9,Away,Away,d,d,False,507.0,521.0,14.0
SQ1896900228,18969,228,2328.0,2336.0,9,Home,Away,o,o,False,496.0,504.0,8.0
SQ1896900229,18969,229,2337.0,2348.0,12,Away,Away,o,d,False,476.0,496.0,20.0
SQ1896900230,18969,230,2349.0,2351.0,3,Away,Home,d,n,False,469.0,476.0,7.0
SQ1896900231,18969,231,2352.0,2361.0,10,Home,Away,n,n,False,453.0,469.0,16.0
SQ1896900232,18969,232,2362.0,2364.0,3,Away,Home,n,n,False,451.0,453.0,2.0
SQ1896900233,18969,233,2365.0,2370.0,6,Home,Home,n,o,False,440.0,451.0,11.0
SQ1896900234,18969,234,2371.0,2388.0,18,Home,Away,o,o,False,420.0,440.0,20.0
SQ1896900235,18969,235,2389.0,2394.0,6,Away,Home,o,o,False,412.0,420.0,8.0
SQ1896900236,18969,236,2395.0,2396.0,2,Away,Away,d,d,False,410.0,411.0,1.0
SQ1896900237,18969,237,2397.0,2401.0,5,Away,Away,d,d,False,402.0,407.0,5.0
SQ1896900238,18969,238,2402.0,2403.0,2,Away,Away,d,d,False,401.0,401.0,0.0
SQ1896900239,18969,239,2404.0,2405.0,2,Away,Away,d,d,False,371.0,374.0,3.0
SQ1896900240,18969,240,2406.0,2420.0,15,Away,Away,d,d,False,350.0,371.0,21.0
SQ1896900241,18969,241,2421.0,2429.0,9,Away,Home,d,o,False,330.0,350.0,20.0
SQ1896900242,18969,242,2430.0,2431.0,2,Away,Away,d,d,False,329.0,329.0,0.0
SQ1896900243,18969,243,2432.0,2434.0,3,Away,Away,d,d,False,305.0,310.0,5.0
SQ1896900244,18969,244,2435.0,2436.0,2,Home,Home,o,o,False,299.0,299.0,0.0
SQ1896900245,18969,245,2437.0,2439.0,3,Away,Away,d,d,False,295.0,297.0,2.0
SQ1896900246,18969,246,2440.0,2444.0,5,Away,Home,d,o,False,291.0,295.0,4.0
SQ1896900247,18969,247,2445.0,2446.0,2,Home,Away,o,d,False,289.0,291.0,2.0
SQ1896900248,18969,248,2447.0,2453.0,7,Away,Away,d,d,False,279.0,288.0,9.0
SQ1896900249,18969,249,2454.0,2460.0,7,Away,Away,d,d,False,273.0,278.0,5.0
SQ1896900250,18969,250,2461.0,2462.0,2,Away,Away,d,d,False,272.0,272.0,0.0
SQ1896900251,18969,251,2463.0,2465.0,3,Home,Away,o,d,False,248.0,248.0,0.0
SQ1896900252,18969,252,2466.0,2467.0,2,Away,Away,d,d,False,247.0,247.0,0.0
SQ1896900253,18969,253,2468.0,2469.0,2,Home,Home,o,o,False,226.0,226.0,0.0
SQ1896900254,18969,254,2470.0,2480.0,11,Home,Away,o,o,False,216.0,226.0,10.0
SQ1896900255,18969,255,2481.0,2496.0,16,Away,Home,o,o,True,201.0,216.0,15.0
SQ1896900256,18969,256,2497.0,2498.0,2,Home,Home,o,o,False,200.0,200.0,0.0
SQ1896900257,18969,257,2499.0,2509.0,11,Away,Away,n,o,False,152.0,170.0,18.0
SQ1896900258,18969,258,2510.0,2511.0,2,Away,Home,o,d,False,149.0,152.0,3.0
SQ1896900259,18969,259,2512.0,2523.0,12,Home,Home,d,n,False,133.0,148.0,15.0
SQ1896900260,18969,260,2524.0,2526.0,3,Home,Away,n,d,False,127.0,133.0,6.0
SQ1896900261,18969,261,2527.0,2527.0,1,Home,Home,o,o,False,125.0,125.0,0.0
SQ1896900262,18969,262,2528.0,2533.0,6,Home,Away,o,o,False,115.0,124.0,9.0
SQ1896900263,18969,263,2534.0,2539.0,6,Home,Home,d,o,False,106.0,113.0,7.0
SQ1896900264,18969,264,2540.0,2553.0,14,Home,Home,o,d,False,86.0,104.0,18.0
SQ1896900265,18969,265,2554.0,2556.0,3,Home,Home,d,d,False,84.0,1878.0,1794.0
SQ1896900266,18969,266,2557.0,2566.0,10,Away,Away,o,o,False,69.0,82.0,13.0
SQ1896900267,18969,267,2567.0,2568.0,2,Away,Away,o,o,False,66.0,66.0,0.0
SQ1896900268,18969,268,2569.0,2576.0,8,Away,Home,o,d,False,41.0,50.0,9.0
SQ1896900269,18969,269,2577.0,2578.0,2,Home,Home,d,d,False,41.0,41.0,0.0
SQ1896900270,18969,270,2579.0,2586.0,8,Home,Away,d,n,False,19.0,31.0,12.0
SQ1896900271,18969,271,2587.0,2591.0,5,Away,Home,n,d,False,10.0,19.0,9.0
SQ1896900272,18969,272,2592.0,2593.0,2,Away,Away,,,False,0.0,0.0,0.0
SQ1897700002,18977,2,1000.0,1000.0,1,,,,,False,,,
SQ1897700003,18977,3,1001.0,1005.0,5,Away,Away,n,n,False,1070.0,1080.0,10.0
SQ1897700004,18977,4,1006.0,1006.0,1,Away,Away,,,False,1067.0,1067.0,0.0
SQ1897700005,18977,5,1007.0,1008.0,2,Home,Home,,,False,1065.0,1065.0,0.0
SQ1897700006,18977,6,1009.0,1014.0,6,Home,Home,,,False,1037.0,1043.0,6.0
SQ1897700007,18977,7,1015.0,1019.0,5,Away,Away,,,False,1027.0,1034.0,7.0
SQ1897700008,18977,8,1020.0,1022.0,3,Away,Home,,,False,1018.0,1023.0,5.0
SQ1897700009,18977,9,1023.0,1024.0,2,Home,Away,,,False,1014.0,1014.0,0.0
SQ1897700010,18977,10,1025.0,1026.0,2,Away,Home,,,False,1009.0,1009.0,0.0
SQ1897700011,18977,11,1027.0,1032.0,6,Home,Home,,,False,999.0,1005.0,6.0
SQ1897700012,18977,12,1033.0,1034.0,2,Home,Home,,,False,994.0,999.0,5.0
SQ1897700013,18977,13,1035.0,1036.0,2,Home,Home,,,False,975.0,975.0,0.0
SQ1897700014,18977,14,1037.0,1037.0,1,Home,Home,,,False,968.0,968.0,0.0
SQ1897700015,18977,15,1038.0,1038.0,1,Home,Home,,,False,967.0,967.0,0.0
SQ1897700016,18977,16,1039.0,1039.0,1,Home,Home,,,False,967.0,967.0,0.0
SQ1897700017,18977,17,1040.0,1040.0,1,Home,Home,,,False,966.0,966.0,0.0
SQ1897700018,18977,18,1041.0,1042.0,2,Home,Away,,,False,939.0,940.0,1.0
SQ1897700019,18977,19,1043.0,1051.0,9,Away,Home,,,False,913.0,935.0,22.0
SQ1897700020,18977,20,1052.0,1053.0,2,Home,Away,,,False,909.0,909.0,0.0
SQ1897700021,18977,21,1054.0,1057.0,4,Away,Away,,,False,882.0,905.0,23.0
SQ1897700022,18977,22,1058.0,1065.0,8,Away,Home,,,False,881.0,887.0,6.0
SQ1897700023,18977,23,1066.0,1070.0,5,Away,Home,,,False,865.0,878.0,13.0
SQ1897700024,18977,24,1071.0,1077.0,7,Home,Home,,,False,855.0,864.0,9.0
SQ1897700025,18977,25,1078.0,1079.0,2,Home,Home,,,False,856.0,856.0,0.0
SQ1897700026,18977,26,1080.0,1089.0,10,Home,Away,,,False,815.0,830.0,15.0
SQ1897700027,18977,27,1090.0,1091.0,2,Away,Away,,,False,814.0,814.0,0.0
SQ1897700028,18977,28,1092.0,1092.0,1,Away,Away,,,False,794.0,794.0,0.0
SQ1897700029,18977,29,1093.0,1096.0,4,Away,Away,,,False,780.0,785.0,5.0
SQ1897700030,18977,30,1097.0,1098.0,2,Away,Home,,,False,772.0,777.0,5.0
SQ1897700031,18977,31,1099.0,1105.0,7,Home,Away,,,False,748.0,770.0,22.0
SQ1897700032,18977,32,1106.0,1106.0,1,Away,Away,,,False,746.0,746.0,0.0
SQ1897700033,18977,33,1107.0,1113.0,7,Home,Away,,,False,733.0,744.0,11.0
SQ1897700034,18977,34,1114.0,1119.0,6,Away,Away,,,False,723.0,732.0,9.0
SQ1897700035,18977,35,1120.0,1121.0,2,Away,Home,,,False,715.0,723.0,8.0
SQ1897700036,18977,36,1122.0,1126.0,5,Home,Away,,,False,711.0,715.0,4.0
SQ1897700037,18977,37,1127.0,1132.0,6,Away,Home,,,False,706.0,711.0,5.0
SQ1897700038,18977,38,1133.0,1133.0,1,Away,Away,,,False,704.0,704.0,0.0
SQ1897700039,18977,39,1134.0,1134.0,1,Away,Away,,,False,703.0,703.0,0.0
SQ1897700040,18977,40,1135.0,1139.0,5,Away,Home,,,False,696.0,703.0,7.0
SQ1897700041,18977,41,1140.0,1146.0,7,Home,Away,,,False,688.0,696.0,8.0
SQ1897700042,18977,42,1147.0,1147.0,1,Away,Away,,,False,683.0,683.0,0.0
SQ1897700043,18977,43,1148.0,1151.0,4,Home,Away,,,False,674.0,682.0,8.0
SQ1897700044,18977,44,1152.0,1156.0,5,Away,Home,,,False,669.0,674.0,5.0
SQ1897700045,18977,45,1157.0,1158.0,2,Home,Away,,,False,668.0,669.0,1.0
SQ1897700046,18977,46,1159.0,1164.0,6,Away,Home,,,False,657.0,668.0,11.0
SQ1897700047,18977,47,1165.0,1169.0,5,Home,Away,,,False,652.0,657.0,5.0
SQ1897700048,18977,48,1170.0,1175.0,6,Away,Away,,,False,644.0,652.0,8.0
SQ1897700049,18977,49,1176.0,1177.0,2,Away,Away,,,False,640.0,641.0,1.0
SQ1897700050,18977,50,1178.0,1178.0,1,Away,Away,,,False,627.0,627.0,0.0
SQ1897700051,18977,51,1179.0,1179.0,1,Away,Away,,,False,626.0,626.0,0.0
SQ1897700052,18977,52,1180.0,1181.0,2,Home,Away,,,False,620.0,622.0,2.0
SQ1897700053,18977,53,1182.0,1183.0,2,Away,Home,,,False,618.0,620.0,2.0
SQ1897700054,18977,54,1184.0,1184.0,1,Home,Home,,,False,614.0,614.0,0.0
SQ1897700055,18977,55,1185.0,1185.0,1,Away,Away,,,False,613.0,613.0,0.0
SQ1897700056,18977,56,1186.0,1189.0,4,Home,Home,,,False,607.0,612.0,5.0
SQ1897700057,18977,57,1190.0,1205.0,16,Home,Away,,,False,543.0,578.0,35.0
SQ1897700058,18977,58,1206.0,1212.0,7,Away,Home,,,False,527.0,542.0,15.0
SQ1897700059,18977,59,1213.0,1230.0,18,Home,Away,,,False,501.0,527.0,26.0
SQ1897700060,18977,60,1231.0,1244.0,14,Away,Away,,,False,472.0,497.0,25.0
SQ1897700061,18977,61,1245.0,1246.0,2,Home,Home,,,False,470.0,470.0,0.0
SQ1897700062,18977,62,1247.0,1258.0,12,Home,Away,,,False,428.0,448.0,20.0
SQ1897700063,18977,63,1259.0,1260.0,2,Home,Home,,,False,423.0,425.0,2.0
SQ1897700064,18977,64,1261.0,1263.0,3,Home,Away,,,False,417.0,421.0,4.0
SQ1897700065,18977,65,1264.0,1279.0,16,Away,Away,,,False,398.0,417.0,19.0
SQ1897700066,18977,66,1280.0,1296.0,17,Away,Home,,,False,358.0,397.0,39.0
SQ1897700067,18977,67,1297.0,1298.0,2,Home,Away,,,False,356.0,358.0,2.0
SQ1897700068,18977,68,1299.0,1300.0,2,Away,Away,,,False,356.0,356.0,0.0
SQ1897700069,18977,69,1301.0,1309.0,9,Away,Away,,,False,310.0,328.0,18.0
SQ1897700070,18977,70,1310.0,1311.0,2,Away,Home,,,False,305.0,310.0,5.0
SQ1897700071,18977,71,1312.0,1318.0,7,Home,Away,,,False,287.0,305.0,18.0
SQ1897700072,18977,72,1319.0,1334.0,16,Away,Away,,,False,266.0,287.0,21.0
SQ1897700073,18977,73,1335.0,1336.0,2,Away,Home,,,False,266.0,266.0,0.0
SQ1897700074,18977,74,1337.0,1345.0,9,Home,Away,,,False,249.0,265.0,16.0
SQ1897700075,18977,75,1346.0,1348.0,3,Home,Home,,,False,239.0,245.0,6.0
SQ1897700076,18977,76,1349.0,1362.0,14,Home,Away,,,False,204.0,238.0,34.0
SQ1897700077,18977,77,1363.0,1369.0,7,Away,Home,,,False,198.0,204.0,6.0
SQ1897700078,18977,78,1370.0,1373.0,4,Home,Home,,,False,161.0,165.0,4.0
SQ1897700079,18977,79,1375.0,1380.0,6,Away,Away,,,False,153.0,160.0,7.0
SQ1897700080,18977,80,1381.0,1387.0,7,Away,Home,,,False,135.0,153.0,18.0
SQ1897700081,18977,81,1388.0,1395.0,8,Home,Away,,,False,122.0,135.0,13.0
SQ1897700082,18977,82,1396.0,1398.0,3,Away,Home,,,False,120.0,122.0,2.0
SQ1897700083,18977,83,1399.0,1403.0,5,Home,Away,,,False,108.0,120.0,12.0
SQ1897700084,18977,84,1404.0,1407.0,4,Away,Home,,,False,101.0,108.0,7.0
SQ1897700085,18977,85,1408.0,1417.0,10,Home,Home,,,False,85.0,99.0,14.0
SQ1897700086,18977,86,1418.0,1419.0,2,Away,Away,,,False,82.0,83.0,1.0
SQ1897700087,18977,87,1420.0,1421.0,2,Away,Home,,,False,82.0,82.0,0.0
SQ1897700088,18977,88,1422.0,1424.0,3,Home,Away,,,False,73.0,77.0,4.0
SQ1897700089,18977,89,1425.0,1432.0,8,Away,Home,,,False,62.0,72.0,10.0
SQ1897700090,18977,90,1433.0,1438.0,6,Away,Away,,,False,44.0,57.0,13.0
SQ1897700091,18977,91,1439.0,1451.0,13,Home,Away,,,False,20.0,41.0,21.0
SQ1897700092,18977,92,1452.0,1452.0,1,Away,Away,,,False,20.0,20.0,0.0
SQ1897700093,18977,93,1453.0,1454.0,2,Home,Home,,,False,20.0,20.0,0.0
SQ1897700094,18977,94,1455.0,1457.0,3,Away,Home,,,False,3.0,3.0,0.0
SQ1897700095,18977,95,1458.0,1458.0,1,Home,Home,,,False,1.0,0.0,-1.0
SQ1897700096,18977,96,1459.0,1459.0,1,0,0,,,False,1156.0,1088.0,-68.0
SQ1897700097,18977,97,1460.0,1461.0,2,Home,Home,,,False,1078.0,1080.0,2.0
SQ1897700098,18977,98,1462.0,1463.0,2,Home,Home,,,False,1073.0,1073.0,0.0
SQ1897700099,18977,99,1464.0,1468.0,5,Home,Home,,,False,1050.0,1055.0,5.0
SQ1897700100,18977,100,1469.0,1471.0,3,Home,Away,,,False,1045.0,1050.0,5.0
SQ1897700101,18977,101,1472.0,1479.0,8,Away,Home,,,False,1032.0,1045.0,13.0
SQ1897700102,18977,102,1480.0,1480.0,1,Home,Home,,,False,1032.0,1032.0,0.0
SQ1897700103,18977,103,1481.0,1482.0,2,Away,Away,,,False,1031.0,1031.0,0.0
SQ1897700104,18977,104,1483.0,1487.0,5,Home,Home,,,False,996.0,1000.0,4.0
SQ1897700105,18977,105,1488.0,1502.0,15,Home,Home,,,False,970.0,996.0,26.0
SQ1897700106,18977,106,1503.0,1504.0,2,Away,Away,,,False,969.0,969.0,0.0
SQ1897700107,18977,107,1505.0,1507.0,3,Away,Home,,,False,956.0,964.0,8.0
SQ1897700108,18977,108,1508.0,1512.0,5,Away,Away,,,False,943.0,951.0,8.0
SQ1897700109,18977,109,1513.0,1514.0,2,Away,Home,,,False,940.0,943.0,3.0
SQ1897700110,18977,110,1515.0,1526.0,12,Home,Away,,,False,911.0,940.0,29.0
SQ1897700111,18977,111,1527.0,1533.0,7,Away,Home,,,False,895.0,911.0,16.0
SQ1897700112,18977,112,1534.0,1534.0,1,Home,Home,,,False,895.0,895.0,0.0
SQ1897700113,18977,113,1535.0,1536.0,2,Away,Away,,,False,886.0,888.0,2.0
SQ1897700114,18977,114,1537.0,1546.0,10,Home,Away,,,False,841.0,862.0,21.0
SQ1897700115,18977,115,1547.0,1555.0,9,Away,Home,,,False,823.0,841.0,18.0
SQ1897700116,18977,116,1556.0,1559.0,4,Home,Away,,,False,816.0,823.0,7.0
SQ1897700117,18977,117,1560.0,1566.0,7,Away,Home,,,False,804.0,814.0,10.0
SQ1897700118,18977,118,1567.0,1567.0,1,Away,Away,,,False,800.0,800.0,0.0
SQ1897700119,18977,119,1568.0,1569.0,2,Away,Away,,,False,797.0,797.0,0.0
SQ1897700120,18977,120,1570.0,1581.0,12,Away,Away,,,False,742.0,763.0,21.0
SQ1897700121,18977,121,1582.0,1583.0,2,Away,Away,,,False,742.0,742.0,0.0
SQ1897700122,18977,122,1584.0,1598.0,15,Away,Home,,,False,703.0,725.0,22.0
SQ1897700123,18977,123,1599.0,1601.0,3,Home,Away,,,False,699.0,703.0,4.0
SQ1897700124,18977,124,1602.0,1613.0,12,Away,Home,,,True,682.0,699.0,17.0
SQ1897700125,18977,125,1614.0,1617.0,4,Away,Away,,,False,650.0,653.0,3.0
SQ1897700126,18977,126,1618.0,1622.0,5,Away,Home,,,False,635.0,650.0,15.0
SQ1897700127,18977,127,1623.0,1629.0,7,Home,Home,,,False,621.0,635.0,14.0
SQ1897700128,18977,128,1630.0,1641.0,12,Home,Home,,,False,582.0,621.0,39.0
SQ1897700129,18977,129,1642.0,1645.0,4,Home,Away,,,False,575.0,582.0,7.0
SQ1897700130,18977,130,1646.0,1649.0,4,Away,Home,,,False,565.0,572.0,7.0
SQ1897700131,18977,131,1650.0,1650.0,1,Home,Home,,,False,565.0,565.0,0.0
SQ1897700132,18977,132,1651.0,1654.0,4,Away,Away,,,False,560.0,563.0,3.0
SQ1897700133,18977,133,1656.0,1657.0,2,Away,Away,,,False,560.0,560.0,0.0
SQ1897700134,18977,134,1658.0,1661.0,4,Away,Home,,,False,521.0,528.0,7.0
SQ1897700135,18977,135,1662.0,1662.0,1,Home,Home,,,False,521.0,521.0,0.0
SQ1897700136,18977,136,1663.0,1670.0,8,Away,Home,,,False,504.0,517.0,13.0
SQ1897700137,18977,137,1671.0,1672.0,2,Home,Away,,,False,499.0,504.0,5.0
SQ1897700138,18977,138,1673.0,1680.0,8,Away,Home,,,False,488.0,499.0,11.0
SQ1897700139,18977,139,1681.0,1682.0,2,Home,Away,,,False,482.0,488.0,6.0
SQ1897700140,18977,140,1683.0,1687.0,5,Home,Away,,,False,478.0,482.0,4.0
SQ1897700141,18977,141,1688.0,1689.0,2,Away,Away,,,False,478.0,478.0,0.0
SQ1897700142,18977,142,1690.0,1698.0,9,Home,Away,,,False,439.0,451.0,12.0
SQ1897700143,18977,143,1699.0,1699.0,1,Away,Away,,,False,439.0,439.0,0.0
SQ1897700144,18977,144,1700.0,1701.0,2,Home,Home,,,False,435.0,435.0,0.0
SQ1897700145,18977,145,1702.0,1715.0,14,Away,Away,,,False,412.0,432.0,20.0
SQ1897700146,18977,146,1716.0,1717.0,2,Home,Home,,,False,410.0,411.0,1.0
SQ1897700147,18977,147,1718.0,1724.0,7,Home,Away,,,False,397.0,410.0,13.0
SQ1897700148,18977,148,1725.0,1730.0,6,Home,Home,,,False,385.0,397.0,12.0
SQ1897700149,18977,149,1731.0,1731.0,1,Home,Home,,,False,385.0,385.0,0.0
SQ1897700150,18977,150,1732.0,1732.0,1,Away,Away,,,False,379.0,379.0,0.0
SQ1897700151,18977,151,1733.0,1736.0,4,Away,Away,,,False,348.0,353.0,5.0
SQ1897700152,18977,152,1737.0,1743.0,7,Away,Home,,,False,333.0,342.0,9.0
SQ1897700153,18977,153,1744.0,1744.0,1,Away,Away,,,False,331.0,331.0,0.0
SQ1897700154,18977,154,1745.0,1746.0,2,Away,Home,,,False,327.0,327.0,0.0
SQ1897700155,18977,155,1747.0,1748.0,2,Home,Away,,,False,321.0,327.0,6.0
SQ1897700156,18977,156,1749.0,1755.0,7,Away,Home,,,False,310.0,321.0,11.0
SQ1897700157,18977,157,1756.0,1772.0,17,Away,Home,,,False,287.0,307.0,20.0
SQ1897700158,18977,158,1773.0,1781.0,9,Home,Home,,,False,277.0,284.0,7.0
SQ1897700159,18977,159,1782.0,1783.0,2,Home,Home,,,False,277.0,277.0,0.0
SQ1897700160,18977,160,1784.0,1785.0,2,Home,Home,,,False,252.0,254.0,2.0
SQ1897700161,18977,161,1786.0,1787.0,2,Home,Away,,,False,250.0,252.0,2.0
SQ1897700162,18977,162,1788.0,1789.0,2,Away,Away,,,False,249.0,250.0,1.0
SQ1897700163,18977,163,1790.0,1791.0,2,Away,Away,,,False,240.0,243.0,3.0
SQ1897700164,18977,164,1792.0,1801.0,10,Home,Away,,,False,204.0,218.0,14.0
SQ1897700165,18977,165,1802.0,1803.0,2,Away,Away,,,False,204.0,204.0,0.0
SQ1897700166,18977,166,1804.0,1805.0,2,Away,Away,,,False,183.0,184.0,1.0
SQ1897700167,18977,167,1806.0,1814.0,9,Away,Home,,,False,163.0,177.0,14.0
SQ1897700168,18977,168,1815.0,1818.0,4,Home,Away,,,False,157.0,163.0,6.0
SQ1897700169,18977,169,1819.0,1821.0,3,Away,Home,,,False,145.0,150.0,5.0
SQ1897700170,18977,170,1822.0,1824.0,3,Home,Away,,,False,142.0,145.0,3.0
SQ1897700171,18977,171,1825.0,1829.0,5,Home,Home,,,False,131.0,139.0,8.0
SQ1897700172,18977,172,1830.0,1830.0,1,Away,Away,,,False,130.0,130.0,0.0
SQ1897700173,18977,173,1831.0,1840.0,10,Away,Home,,,False,112.0,130.0,18.0
SQ1897700174,18977,174,1841.0,1853.0,13,Home,Home,,,False,93.0,112.0,19.0
SQ1897700175,18977,175,1854.0,1856.0,3,Home,Away,,,False,89.0,92.0,3.0
SQ1897700176,18977,176,1857.0,1864.0,8,Home,Away,,,False,84.0,89.0,5.0
SQ1897700177,18977,177,1865.0,1865.0,1,Away,Away,,,False,74.0,74.0,0.0
SQ1897700178,18977,178,1866.0,1872.0,7,Away,Home,,,True,72.0,74.0,2.0
SQ1897700179,18977,179,1873.0,1875.0,3,Home,Home,,,False,39.0,41.0,2.0
SQ1897700180,18977,180,1876.0,1876.0,1,Home,Home,,,False,39.0,39.0,0.0
SQ1897700181,18977,181,1877.0,1878.0,2,Away,Away,,,False,31.0,32.0,1.0
SQ1897700182,18977,182,1879.0,1889.0,11,Away,Away,,,False,1.0,13.0,12.0
SQ1897700183,18977,183,1890.0,1890.0,1,0,0,,,False,1.0,0.0,-1.0
SQ1897700184,18977,184,1891.0,1891.0,1,0,0,,,False,2306.0,2236.0,-70.0
SQ1897700185,18977,185,1892.0,1893.0,2,Away,Away,,,False,1079.0,1080.0,1.0
SQ1897700186,18977,186,1894.0,1898.0,5,Away,Home,,,False,1071.0,1076.0,5.0
SQ1897700187,18977,187,1899.0,1899.0,1,Home,Home,,,False,1072.0,1072.0,0.0
SQ1897700188,18977,188,1900.0,1904.0,5,Away,Home,,,False,1063.0,1070.0,7.0
SQ1897700189,18977,189,1905.0,1906.0,2,Home,Away,,,False,1060.0,1063.0,3.0
SQ1897700190,18977,190,1907.0,1913.0,7,Home,Home,,,False,1043.0,1057.0,14.0
SQ1897700191,18977,191,1914.0,1915.0,2,Home,Home,,,False,1037.0,1037.0,0.0
SQ1897700192,18977,192,1916.0,1918.0,3,Home,Home,,,False,1010.0,1012.0,2.0
SQ1897700193,18977,193,1919.0,1921.0,3,Home,Away,,,False,1004.0,1009.0,5.0
SQ1897700194,18977,194,1922.0,1928.0,7,Home,Home,,,False,993.0,1004.0,11.0
SQ1897700195,18977,195,1929.0,1934.0,6,Home,Home,,,False,984.0,993.0,9.0
SQ1897700196,18977,196,1935.0,1936.0,2,Home,Home,,,False,984.0,984.0,0.0
SQ1897700197,18977,197,1937.0,1939.0,3,Away,Home,,,False,966.0,967.0,1.0
SQ1897700198,18977,198,1940.0,1941.0,2,Home,Home,,,False,966.0,966.0,0.0
SQ1897700199,18977,199,1942.0,1950.0,9,Away,Away,,,False,933.0,951.0,18.0
SQ1897700200,18977,200,1951.0,1957.0,7,Away,Home,,,False,925.0,933.0,8.0
SQ1897700201,18977,201,1958.0,1958.0,1,Home,Home,,,False,925.0,925.0,0.0
SQ1897700202,18977,202,1959.0,1974.0,16,Away,Away,,,False,885.0,920.0,35.0
SQ1897700203,18977,203,1975.0,1976.0,2,Home,Home,,,False,885.0,885.0,0.0
SQ1897700204,18977,204,1977.0,1977.0,1,Home,Home,,,False,856.0,856.0,0.0
SQ1897700205,18977,205,1978.0,1979.0,2,Home,Home,,,False,849.0,854.0,5.0
SQ1897700206,18977,206,1980.0,1992.0,13,Home,Home,,,False,806.0,829.0,23.0
SQ1897700207,18977,207,1993.0,1994.0,2,Home,Home,,,False,806.0,806.0,0.0
SQ1897700208,18977,208,1995.0,1996.0,2,Away,Away,,,False,782.0,783.0,1.0
SQ1897700209,18977,209,1997.0,2001.0,5,Away,Home,,,False,776.0,782.0,6.0
SQ1897700210,18977,210,2002.0,2006.0,5,Home,Away,,,False,771.0,774.0,3.0
SQ1897700211,18977,211,2007.0,2014.0,8,Away,Home,,,False,754.0,771.0,17.0
SQ1897700212,18977,212,2015.0,2017.0,3,Home,Away,,,False,747.0,750.0,3.0
SQ1897700213,18977,213,2018.0,2020.0,3,Away,Home,,,False,743.0,747.0,4.0
SQ1897700214,18977,214,2021.0,2022.0,2,Home,Away,,,False,741.0,741.0,0.0
SQ1897700215,18977,215,2023.0,2025.0,3,Away,Home,,,False,737.0,739.0,2.0
SQ1897700216,18977,216,2026.0,2039.0,14,Home,Home,,,False,710.0,735.0,25.0
SQ1897700217,18977,217,2040.0,2046.0,7,Home,Home,,,False,705.0,710.0,5.0
SQ1897700218,18977,218,2047.0,2052.0,6,Home,Away,,,False,696.0,705.0,9.0
SQ1897700219,18977,219,2053.0,2077.0,25,Away,Home,,,False,665.0,696.0,31.0
SQ1897700220,18977,220,2078.0,2086.0,9,Home,Away,,,False,639.0,663.0,24.0
SQ1897700221,18977,221,2087.0,2095.0,9,Away,Home,,,False,621.0,639.0,18.0
SQ1897700222,18977,222,2096.0,2107.0,12,Home,Home,,,False,602.0,621.0,19.0
SQ1897700223,18977,223,2108.0,2109.0,2,Home,Home,,,False,602.0,602.0,0.0
SQ1897700224,18977,224,2110.0,2111.0,2,Home,Home,,,False,573.0,573.0,0.0
SQ1897700225,18977,225,2112.0,2117.0,6,Home,Away,,,False,560.0,573.0,13.0
SQ1897700226,18977,226,2118.0,2119.0,2,Away,Home,,,False,555.0,560.0,5.0
SQ1897700227,18977,227,2120.0,2121.0,2,Home,Away,,,False,554.0,555.0,1.0
SQ1897700228,18977,228,2122.0,2134.0,13,Away,Away,,,False,534.0,554.0,20.0
SQ1897700229,18977,229,2135.0,2136.0,2,Away,Away,,,False,534.0,534.0,0.0
SQ1897700230,18977,230,2137.0,2142.0,6,Home,Home,,,False,510.0,515.0,5.0
SQ1897700231,18977,231,2143.0,2145.0,3,Home,Away,,,False,504.0,508.0,4.0
SQ1897700232,18977,232,2146.0,2153.0,8,Away,Home,,,False,493.0,502.0,9.0
SQ1897700233,18977,233,2154.0,2154.0,1,Home,Home,,,False,493.0,493.0,0.0
SQ1897700234,18977,234,2155.0,2167.0,13,Away,Away,,,False,475.0,493.0,18.0
SQ1897700235,18977,235,2168.0,2171.0,4,Away,Home,,,False,471.0,474.0,3.0
SQ1897700236,18977,236,2172.0,2172.0,1,Home,Home,,,False,471.0,471.0,0.0
SQ1897700237,18977,237,2173.0,2180.0,8,Away,Away,,,False,457.0,470.0,13.0
SQ1897700238,18977,238,2181.0,2182.0,2,Away,Away,,,False,457.0,457.0,0.0
SQ1897700239,18977,239,2183.0,2183.0,1,Away,Away,,,False,433.0,433.0,0.0
SQ1897700240,18977,240,2184.0,2187.0,4,Away,Home,,,False,428.0,431.0,3.0
SQ1897700241,18977,241,2188.0,2202.0,15,Home,Away,,,True,409.0,428.0,19.0
SQ1897700242,18977,242,2203.0,2204.0,2,Home,Away,,,False,378.0,382.0,4.0
SQ1897700243,18977,243,2205.0,2206.0,2,Away,Home,,,False,376.0,377.0,1.0
SQ1897700244,18977,244,2207.0,2209.0,3,Home,Away,,,False,374.0,376.0,2.0
SQ1897700245,18977,245,2210.0,2211.0,2,Away,Home,,,False,372.0,374.0,2.0
SQ1897700246,18977,246,2212.0,2213.0,2,Home,Away,,,False,368.0,372.0,4.0
SQ1897700247,18977,247,2214.0,2221.0,8,Away,Home,,,False,351.0,367.0,16.0
SQ1897700248,18977,248,2222.0,2226.0,5,Home,Away,,,False,343.0,351.0,8.0
SQ1897700249,18977,249,2227.0,2228.0,2,Home,Home,,,False,342.0,342.0,0.0
SQ1897700250,18977,250,2229.0,2237.0,9,Home,Away,,,False,310.0,320.0,10.0
SQ1897700251,18977,251,2238.0,2242.0,5,Away,Home,,,False,301.0,310.0,9.0
SQ1897700252,18977,252,2243.0,2247.0,5,Home,Home,,,False,295.0,301.0,6.0
SQ1897700253,18977,253,2248.0,2249.0,2,Home,Home,,,False,290.0,292.0,2.0
SQ1897700254,18977,254,2250.0,2251.0,2,Away,Away,,,False,266.0,267.0,1.0
SQ1897700255,18977,255,2252.0,2270.0,19,Away,Home,,,True,234.0,266.0,32.0
SQ1897700256,18977,256,2271.0,2274.0,4,Home,Home,,,False,207.0,210.0,3.0
SQ1897700257,18977,257,2275.0,2277.0,3,Home,Away,,,False,200.0,207.0,7.0
SQ1897700258,18977,258,2278.0,2281.0,4,Away,Away,,,False,196.0,197.0,1.0
SQ1897700259,18977,259,2282.0,2283.0,2,Away,Home,,,False,190.0,192.0,2.0
SQ1897700260,18977,260,2284.0,2287.0,4,Home,Away,,,False,182.0,190.0,8.0
SQ1897700261,18977,261,2288.0,2299.0,12,Away,Away,,,False,158.0,182.0,24.0
SQ1897700262,18977,262,2300.0,2301.0,2,Away,Home,,,False,155.0,158.0,3.0
SQ1897700263,18977,263,2302.0,2320.0,19,Home,Home,,,False,122.0,155.0,33.0
SQ1897700264,18977,264,2321.0,2322.0,2,Home,Home,,,False,122.0,122.0,0.0
SQ1897700265,18977,265,2323.0,2326.0,4,Away,Away,,,True,97.0,99.0,2.0
SQ1897700266,18977,266,2327.0,2336.0,10,Away,Home,,,False,61.0,74.0,13.0
SQ1897700267,18977,267,2337.0,2338.0,2,Away,Away,,,False,56.0,56.0,0.0
SQ1897700268,18977,268,2339.0,2340.0,2,Away,Away,,,False,55.0,56.0,1.0
SQ1897700269,18977,269,2341.0,2349.0,9,Home,Home,,,False,44.0,52.0,8.0
SQ1897700270,18977,270,2350.0,2351.0,2,Home,Home,,,False,44.0,44.0,0.0
SQ1897700271,18977,271,2352.0,2352.0,1,Home,Home,,,False,30.0,30.0,0.0
SQ1897700272,18977,272,2353.0,2353.0,1,Home,Home,,,False,26.0,26.0,0.0
SQ1897700273,18977,273,2354.0,2355.0,2,Home,Home,,,False,12.0,14.0,2.0
SQ1897700274,18977,274,2356.0,2361.0,6,Home,Home,,,False,4.0,12.0,8.0
SQ1897700275,18977,275,2362.0,2363.0,2,0,0,,,False,0.0,0.0,0.0
SQ1898100002,18981,2,1000.0,1000.0,1,,,,,False,,,
SQ1898100003,18981,3,1001.0,1004.0,4,Away,Away,n,o,False,1075.0,1080.0,5.0
SQ1898100004,18981,4,1005.0,1007.0,3,Away,Home,,,False,1071.0,1075.0,4.0
SQ1898100005,18981,5,1008.0,1009.0,2,Home,Away,,,False,1068.0,1068.0,0.0
SQ1898100006,18981,6,1010.0,1019.0,10,Away,Home,d,o,False,1056.0,1068.0,12.0
SQ1898100007,18981,7,1020.0,1034.0,15,Home,Home,d,o,False,1032.0,1056.0,24.0
SQ1898100008,18981,8,1035.0,1038.0,4,Home,Away,d,o,False,1025.0,1030.0,5.0
SQ1898100009,18981,9,1039.0,1040.0,2,Away,Away,,,False,1022.0,1022.0,0.0
SQ1898100010,18981,10,1041.0,1051.0,11,Away,Away,d,o,False,980.0,1002.0,22.0
SQ1898100011,18981,11,1052.0,1055.0,4,Home,Home,d,o,False,967.0,978.0,11.0
SQ1898100012,18981,12,1056.0,1058.0,3,Home,Away,,,False,962.0,967.0,5.0
SQ1898100013,18981,13,1059.0,1062.0,4,Away,Home,,,False,956.0,961.0,5.0
SQ1898100014,18981,14,1063.0,1072.0,10,Home,Away,d,d,False,939.0,955.0,16.0
SQ1898100015,18981,15,1073.0,1074.0,2,Away,Away,d,d,False,939.0,939.0,0.0
SQ1898100016,18981,16,1075.0,1075.0,1,Away,Away,,,False,916.0,916.0,0.0
SQ1898100017,18981,17,1076.0,1080.0,5,Away,Away,o,d,False,900.0,916.0,16.0
SQ1898100018,18981,18,1081.0,1088.0,8,Away,Away,o,d,False,887.0,900.0,13.0
SQ1898100019,18981,19,1089.0,1090.0,2,Away,Away,d,d,False,887.0,887.0,0.0
SQ1898100020,18981,20,1091.0,1092.0,2,Home,Home,o,o,False,869.0,870.0,1.0
SQ1898100021,18981,21,1093.0,1099.0,7,Home,Away,d,o,False,855.0,869.0,14.0
SQ1898100022,18981,22,1100.0,1100.0,1,Away,Away,,,False,855.0,855.0,0.0
SQ1898100023,18981,23,1101.0,1107.0,7,Home,Home,d,o,False,837.0,853.0,16.0
SQ1898100024,18981,24,1108.0,1110.0,3,Home,Away,d,d,False,832.0,837.0,5.0
SQ1898100025,18981,25,1111.0,1113.0,3,Away,Home,o,o,False,823.0,832.0,9.0
SQ1898100026,18981,26,1114.0,1116.0,3,Away,Home,d,o,False,820.0,822.0,2.0
SQ1898100027,18981,27,1117.0,1120.0,4,Home,Away,d,d,False,814.0,820.0,6.0
SQ1898100028,18981,28,1121.0,1125.0,5,Away,Away,o,d,False,803.0,810.0,7.0
SQ1898100029,18981,29,1126.0,1129.0,4,Away,Home,o,o,False,795.0,803.0,8.0
SQ1898100030,18981,30,1130.0,1132.0,3,Home,Away,d,d,False,790.0,795.0,5.0
SQ1898100031,18981,31,1133.0,1140.0,8,Away,Away,o,d,False,779.0,790.0,11.0
SQ1898100032,18981,32,1141.0,1142.0,2,Away,Away,,,False,776.0,776.0,0.0
SQ1898100033,18981,33,1143.0,1152.0,10,Home,Home,o,d,False,734.0,752.0,18.0
SQ1898100034,18981,34,1153.0,1154.0,2,Home,Home,d,d,False,734.0,734.0,0.0
SQ1898100035,18981,35,1155.0,1156.0,2,Away,Away,o,o,False,718.0,719.0,1.0
SQ1898100036,18981,36,1157.0,1158.0,2,Home,Home,d,d,False,716.0,717.0,1.0
SQ1898100037,18981,37,1159.0,1162.0,4,Away,Away,,,False,699.0,702.0,3.0
SQ1898100038,18981,38,1163.0,1171.0,9,Away,Away,d,d,False,680.0,699.0,19.0
SQ1898100039,18981,39,1172.0,1174.0,3,Away,Home,o,o,False,675.0,680.0,5.0
SQ1898100040,18981,40,1175.0,1180.0,6,Away,Home,d,o,False,665.0,671.0,6.0
SQ1898100041,18981,41,1181.0,1191.0,11,Home,Home,d,o,False,639.0,665.0,26.0
SQ1898100042,18981,42,1192.0,1199.0,8,Away,Away,d,o,False,621.0,637.0,16.0
SQ1898100043,18981,43,1200.0,1205.0,6,Away,Home,d,o,False,607.0,618.0,11.0
SQ1898100044,18981,44,1206.0,1207.0,2,Home,Away,,,False,604.0,607.0,3.0
SQ1898100045,18981,45,1208.0,1210.0,3,Away,Away,o,o,False,598.0,601.0,3.0
SQ1898100046,18981,46,1211.0,1214.0,4,Away,Away,d,o,False,588.0,598.0,10.0
SQ1898100047,18981,47,1215.0,1217.0,3,Away,Home,,,False,585.0,587.0,2.0
SQ1898100048,18981,48,1218.0,1219.0,2,Away,Away,,,False,585.0,585.0,0.0
SQ1898100049,18981,49,1220.0,1220.0,1,Home,Home,,,False,563.0,563.0,0.0
SQ1898100050,18981,50,1221.0,1240.0,20,Home,Away,o,d,False,521.0,562.0,41.0
SQ1898100051,18981,51,1241.0,1242.0,2,Away,Away,d,d,False,521.0,521.0,0.0
SQ1898100052,18981,52,1243.0,1246.0,4,Home,Home,,,False,495.0,499.0,4.0
SQ1898100053,18981,53,1247.0,1248.0,2,Home,Away,d,d,False,494.0,495.0,1.0
SQ1898100054,18981,54,1249.0,1260.0,12,Away,Home,o,d,False,466.0,494.0,28.0
SQ1898100055,18981,55,1261.0,1263.0,3,Home,Away,o,o,False,461.0,466.0,5.0
SQ1898100056,18981,56,1264.0,1265.0,2,Home,Home,d,d,False,460.0,460.0,0.0
SQ1898100057,18981,57,1266.0,1267.0,2,Away,Home,,,False,457.0,459.0,2.0
SQ1898100058,18981,58,1268.0,1272.0,5,Away,Home,o,o,False,445.0,454.0,9.0
SQ1898100059,18981,59,1273.0,1280.0,8,Home,Away,d,o,False,430.0,445.0,15.0
SQ1898100060,18981,60,1281.0,1290.0,10,Away,Away,d,d,False,412.0,430.0,18.0
SQ1898100061,18981,61,1291.0,1292.0,2,Away,Away,d,d,False,412.0,412.0,0.0
SQ1898100062,18981,62,1293.0,1296.0,4,Away,Away,d,d,False,381.0,387.0,6.0
SQ1898100063,18981,63,1297.0,1298.0,2,Away,Away,o,o,False,372.0,381.0,9.0
SQ1898100064,18981,64,1299.0,1301.0,3,Home,Home,d,d,False,366.0,370.0,4.0
SQ1898100065,18981,65,1302.0,1306.0,5,Away,Away,d,o,False,358.0,365.0,7.0
SQ1898100066,18981,66,1307.0,1313.0,7,Away,Away,d,d,False,343.0,358.0,15.0
SQ1898100067,18981,67,1314.0,1318.0,5,Away,Home,o,o,True,215.0,343.0,128.0
SQ1898100068,18981,68,1319.0,1320.0,2,Home,Home,o,o,False,215.0,305.0,90.0
SQ1898100069,18981,69,1321.0,1324.0,4,Away,Away,n,o,True,302.0,305.0,3.0
SQ1898100070,18981,70,1325.0,1326.0,2,Away,Away,o,o,False,302.0,302.0,0.0
SQ1898100071,18981,71,1327.0,1330.0,4,Away,Away,n,o,False,273.0,277.0,4.0
SQ1898100072,18981,72,1331.0,1335.0,5,Away,Home,d,o,False,268.0,273.0,5.0
SQ1898100073,18981,73,1336.0,1341.0,6,Home,Home,d,o,False,258.0,268.0,10.0
SQ1898100074,18981,74,1342.0,1343.0,2,Home,Away,,,False,251.0,251.0,0.0
SQ1898100075,18981,75,1345.0,1346.0,2,Away,Home,,,False,249.0,249.0,0.0
SQ1898100076,18981,76,1347.0,1351.0,5,Home,Away,d,o,False,239.0,245.0,6.0
SQ1898100077,18981,77,1352.0,1356.0,5,Home,Home,o,d,False,230.0,235.0,5.0
SQ1898100078,18981,78,1357.0,1359.0,3,Home,Away,o,o,False,224.0,228.0,4.0
SQ1898100079,18981,79,1360.0,1363.0,4,Away,Home,d,d,False,221.0,224.0,3.0
SQ1898100080,18981,80,1364.0,1367.0,4,Home,Away,o,o,False,216.0,221.0,5.0
SQ1898100081,18981,81,1368.0,1374.0,7,Home,Away,d,d,False,203.0,212.0,9.0
SQ1898100082,18981,82,1375.0,1376.0,2,Home,Away,d,d,False,198.0,203.0,5.0
SQ1898100083,18981,83,1377.0,1381.0,5,Away,Home,d,d,False,190.0,198.0,8.0
SQ1898100084,18981,84,1382.0,1386.0,5,Home,Away,o,o,False,178.0,190.0,12.0
SQ1898100085,18981,85,1387.0,1394.0,8,Home,Home,d,d,False,152.0,176.0,24.0
SQ1898100086,18981,86,1395.0,1397.0,3,Home,Away,,,False,148.0,152.0,4.0
SQ1898100087,18981,87,1398.0,1399.0,2,Away,Away,,,False,144.0,144.0,0.0
SQ1898100088,18981,88,1400.0,1407.0,8,Away,Home,d,d,False,110.0,120.0,10.0
SQ1898100089,18981,89,1408.0,1409.0,2,Home,Home,d,d,False,110.0,110.0,0.0
SQ1898100090,18981,90,1410.0,1412.0,3,Home,Home,,,False,87.0,95.0,8.0
SQ1898100091,18981,91,1413.0,1418.0,6,Home,Away,,,False,78.0,87.0,9.0
SQ1898100092,18981,92,1419.0,1424.0,6,Away,Away,d,o,False,61.0,77.0,16.0
SQ1898100093,18981,93,1425.0,1426.0,2,Away,Away,,,False,57.0,57.0,0.0
SQ1898100094,18981,94,1427.0,1432.0,6,Away,Home,d,o,False,20.0,33.0,13.0
SQ1898100095,18981,95,1433.0,1438.0,6,Home,Home,d,o,False,11.0,20.0,9.0
SQ1898100096,18981,96,1439.0,1442.0,4,Home,Home,d,d,False,3.0,11.0,8.0
SQ1898100097,18981,97,1443.0,1443.0,1,,,,,False,0.0,0.0,0.0
SQ1898100098,18981,98,1444.0,1444.0,1,,,,,False,277.0,205.0,-72.0
SQ1898100099,18981,99,1445.0,1448.0,4,Home,Home,n,o,False,1076.0,1080.0,4.0
SQ1898100100,18981,100,1449.0,1452.0,4,Away,Home,,,False,1073.0,1074.0,1.0
SQ1898100101,18981,101,1453.0,1463.0,11,Away,Home,o,o,True,1048.0,1070.0,22.0
SQ1898100102,18981,102,1464.0,1465.0,2,Home,Home,o,o,False,1048.0,1048.0,0.0
SQ1898100103,18981,103,1466.0,1469.0,4,Away,Away,n,o,False,999.0,1017.0,18.0
SQ1898100104,18981,104,1470.0,1470.0,1,Home,Home,,,False,985.0,985.0,0.0
SQ1898100105,18981,105,1471.0,1472.0,2,Home,Home,,,False,980.0,985.0,5.0
SQ1898100106,18981,106,1473.0,1482.0,10,Home,Away,d,d,False,936.0,960.0,24.0
SQ1898100107,18981,107,1483.0,1484.0,2,Away,Away,,,False,936.0,936.0,0.0
SQ1898100108,18981,108,1485.0,1492.0,8,Away,Home,d,d,False,892.0,906.0,14.0
SQ1898100109,18981,109,1493.0,1494.0,2,Away,Away,o,o,False,891.0,891.0,0.0
SQ1898100110,18981,110,1495.0,1513.0,19,Away,Home,d,o,False,849.0,885.0,36.0
SQ1898100111,18981,111,1514.0,1519.0,6,Away,Home,d,d,False,832.0,848.0,16.0
SQ1898100112,18981,112,1520.0,1522.0,3,Home,Away,o,o,False,826.0,832.0,6.0
SQ1898100113,18981,113,1523.0,1534.0,12,Away,Home,d,o,False,804.0,826.0,22.0
SQ1898100114,18981,114,1535.0,1535.0,1,Home,Home,,,False,804.0,804.0,0.0
SQ1898100115,18981,115,1536.0,1536.0,1,Away,Away,,,False,802.0,802.0,0.0
SQ1898100116,18981,116,1537.0,1537.0,1,Home,Home,,,False,800.0,800.0,0.0
SQ1898100117,18981,117,1538.0,1552.0,15,Away,Away,o,d,False,781.0,798.0,17.0
SQ1898100118,18981,118,1553.0,1575.0,23,Home,Home,o,o,False,733.0,780.0,47.0
SQ1898100119,18981,119,1576.0,1581.0,6,Home,Home,d,o,False,719.0,732.0,13.0
SQ1898100120,18981,120,1582.0,1583.0,2,Home,Away,,,False,711.0,717.0,6.0
SQ1898100121,18981,121,1584.0,1585.0,2,Away,Home,,,False,704.0,709.0,5.0
SQ1898100122,18981,122,1586.0,1609.0,24,Home,Home,d,o,False,670.0,703.0,33.0
SQ1898100123,18981,123,1610.0,1615.0,6,Home,Home,d,o,False,657.0,670.0,13.0
SQ1898100124,18981,124,1616.0,1616.0,1,Away,Away,,,False,653.0,653.0,0.0
SQ1898100125,18981,125,1617.0,1621.0,5,Away,Away,,,False,636.0,649.0,13.0
SQ1898100126,18981,126,1622.0,1623.0,2,Away,Away,,,False,636.0,636.0,0.0
SQ1898100127,18981,127,1624.0,1625.0,2,Home,Home,o,o,False,603.0,605.0,2.0
SQ1898100128,18981,128,1626.0,1627.0,2,Away,Away,d,d,False,601.0,601.0,0.0
SQ1898100129,18981,129,1628.0,1635.0,8,Home,Home,o,o,False,569.0,587.0,18.0
SQ1898100130,18981,130,1636.0,1648.0,13,Home,Away,d,d,False,543.0,569.0,26.0
SQ1898100131,18981,131,1649.0,1659.0,11,Away,Home,o,d,False,528.0,542.0,14.0
SQ1898100132,18981,132,1660.0,1660.0,1,Home,Home,,,False,528.0,528.0,0.0
SQ1898100133,18981,133,1661.0,1666.0,6,Away,Away,o,d,False,514.0,522.0,8.0
SQ1898100134,18981,134,1667.0,1668.0,2,Away,Away,d,d,False,514.0,514.0,0.0
SQ1898100135,18981,135,1669.0,1685.0,17,Home,Home,o,o,False,458.0,489.0,31.0
SQ1898100136,18981,136,1686.0,1692.0,7,Home,Away,d,d,False,444.0,458.0,14.0
SQ1898100137,18981,137,1693.0,1694.0,2,Away,Away,d,d,False,444.0,444.0,0.0
SQ1898100138,18981,138,1695.0,1699.0,5,Home,Home,o,o,False,411.0,422.0,11.0
SQ1898100139,18981,139,1700.0,1704.0,5,Home,Away,d,o,False,406.0,411.0,5.0
SQ1898100140,18981,140,1705.0,1716.0,12,Away,Home,d,o,False,380.0,406.0,26.0
SQ1898100141,18981,141,1717.0,1725.0,9,Home,Home,d,o,False,364.0,380.0,16.0
SQ1898100142,18981,142,1726.0,1726.0,1,Home,Home,,,False,364.0,364.0,0.0
SQ1898100143,18981,143,1727.0,1735.0,9,Away,Away,o,d,False,346.0,357.0,11.0
SQ1898100144,18981,144,1736.0,1740.0,5,Away,Home,o,o,False,339.0,344.0,5.0
SQ1898100145,18981,145,1741.0,1742.0,2,Home,Away,d,d,False,335.0,339.0,4.0
SQ1898100146,18981,146,1743.0,1744.0,2,Away,Home,,,False,332.0,335.0,3.0
SQ1898100147,18981,147,1745.0,1746.0,2,Home,Home,,,False,328.0,328.0,0.0
SQ1898100148,18981,148,1747.0,1759.0,13,Home,Away,o,o,False,274.0,299.0,25.0
SQ1898100149,18981,149,1760.0,1764.0,5,Away,Away,o,d,False,270.0,274.0,4.0
SQ1898100150,18981,150,1765.0,1766.0,2,Away,Away,d,d,False,269.0,269.0,0.0
SQ1898100151,18981,151,1767.0,1774.0,8,Away,Away,o,o,False,236.0,247.0,11.0
SQ1898100152,18981,152,1775.0,1776.0,2,Away,Home,d,d,False,233.0,236.0,3.0
SQ1898100153,18981,153,1777.0,1778.0,2,Home,Away,o,o,False,229.0,232.0,3.0
SQ1898100154,18981,154,1779.0,1782.0,4,Away,Home,d,d,False,224.0,229.0,5.0
SQ1898100155,18981,155,1783.0,1783.0,1,Home,Home,,,False,224.0,224.0,0.0
SQ1898100156,18981,156,1784.0,1787.0,4,Away,Home,o,o,False,216.0,221.0,5.0
SQ1898100157,18981,157,1788.0,1789.0,2,Home,Home,,,False,216.0,216.0,0.0
SQ1898100158,18981,158,1790.0,1794.0,5,Away,Away,d,o,False,182.0,192.0,10.0
SQ1898100159,18981,159,1795.0,1806.0,12,Away,Away,d,d,False,167.0,182.0,15.0
SQ1898100160,18981,160,1807.0,1810.0,4,Away,Home,o,o,False,162.0,166.0,4.0
SQ1898100161,18981,161,1811.0,1813.0,3,Home,Away,,,False,157.0,162.0,5.0
SQ1898100162,18981,162,1814.0,1820.0,7,Home,Home,o,d,False,146.0,155.0,9.0
SQ1898100163,18981,163,1821.0,1827.0,7,Away,Away,d,o,False,131.0,142.0,11.0
SQ1898100164,18981,164,1828.0,1828.0,1,Away,Away,,,False,131.0,131.0,0.0
SQ1898100165,18981,165,1829.0,1833.0,5,Home,Home,d,d,False,119.0,129.0,10.0
SQ1898100166,18981,166,1834.0,1834.0,1,Home,Home,,,False,116.0,116.0,0.0
SQ1898100167,18981,167,1835.0,1836.0,2,Away,Home,o,o,False,113.0,115.0,2.0
SQ1898100168,18981,168,1837.0,1840.0,4,Home,Away,d,d,False,104.0,113.0,9.0
SQ1898100169,18981,169,1841.0,1850.0,10,Away,Home,o,o,False,89.0,104.0,15.0
SQ1898100170,18981,170,1851.0,1854.0,4,Away,Home,d,d,False,77.0,87.0,10.0
SQ1898100171,18981,171,1855.0,1857.0,3,Home,Away,o,o,False,66.0,77.0,11.0
SQ1898100172,18981,172,1858.0,1860.0,3,Home,Home,d,o,False,63.0,66.0,3.0
SQ1898100173,18981,173,1861.0,1865.0,5,Home,Away,d,o,False,59.0,63.0,4.0
SQ1898100174,18981,174,1866.0,1870.0,5,Away,Home,d,o,False,49.0,57.0,8.0
SQ1898100175,18981,175,1871.0,1871.0,1,Home,Home,,,False,49.0,49.0,0.0
SQ1898100176,18981,176,1872.0,1877.0,6,Away,Home,o,o,False,36.0,44.0,8.0
SQ1898100177,18981,177,1878.0,1878.0,1,Home,Home,,,False,36.0,36.0,0.0
SQ1898100178,18981,178,1879.0,1880.0,2,Away,Home,,,False,31.0,31.0,0.0
SQ1898100179,18981,179,1881.0,1881.0,1,Home,Home,,,False,31.0,31.0,0.0
SQ1898100180,18981,180,1882.0,1883.0,2,Away,Away,,,False,25.0,30.0,5.0
SQ1898100181,18981,181,1884.0,1891.0,8,Away,Away,d,o,False,1037.0,1054.0,17.0
SQ1898100182,18981,182,1892.0,1893.0,2,Away,Home,,,False,1033.0,1037.0,4.0
SQ1898100183,18981,183,1894.0,1895.0,2,Home,Away,,,False,1031.0,1033.0,2.0
SQ1898100184,18981,184,1896.0,1897.0,2,Away,Home,d,d,False,1029.0,1031.0,2.0
SQ1898100185,18981,185,1898.0,1901.0,4,Home,Away,o,o,False,1021.0,1029.0,8.0
SQ1898100186,18981,186,1902.0,1906.0,5,Away,Home,d,o,False,1000.0,1021.0,21.0
SQ1898100187,18981,187,1907.0,1915.0,9,Home,Away,d,o,False,986.0,1000.0,14.0
SQ1898100188,18981,188,1916.0,1918.0,3,Home,Home,,,False,975.0,983.0,8.0
SQ1898100189,18981,189,1919.0,1920.0,2,Away,Away,,,False,969.0,973.0,4.0
SQ1898100190,18981,190,1921.0,1939.0,19,Away,Home,d,d,False,940.0,968.0,28.0
SQ1898100191,18981,191,1940.0,1941.0,2,Away,Away,,,False,938.0,938.0,0.0
SQ1898100192,18981,192,1942.0,1952.0,11,Home,Home,d,o,False,882.0,902.0,20.0
SQ1898100193,18981,193,1953.0,1959.0,7,Home,Away,d,o,False,871.0,880.0,9.0
SQ1898100194,18981,194,1960.0,1966.0,7,Away,Home,d,o,False,862.0,871.0,9.0
SQ1898100195,18981,195,1967.0,1976.0,10,Home,Home,d,o,False,840.0,862.0,22.0
SQ1898100196,18981,196,1977.0,1982.0,6,Away,Away,d,o,False,829.0,839.0,10.0
SQ1898100197,18981,197,1983.0,1984.0,2,Home,Home,,,False,826.0,827.0,1.0
SQ1898100198,18981,198,1985.0,1991.0,7,Home,Away,o,o,False,816.0,824.0,8.0
SQ1898100199,18981,199,1992.0,1992.0,1,Away,Away,,,False,813.0,813.0,0.0
SQ1898100200,18981,200,1993.0,1996.0,4,Home,Away,,,False,807.0,810.0,3.0
SQ1898100201,18981,201,1997.0,2000.0,4,Away,Home,d,d,False,802.0,807.0,5.0
SQ1898100202,18981,202,2001.0,2001.0,1,Home,Home,,,False,802.0,802.0,0.0
SQ1898100203,18981,203,2002.0,2006.0,5,Away,Away,o,d,False,794.0,798.0,4.0
SQ1898100204,18981,204,2007.0,2008.0,2,Away,Away,d,d,False,793.0,794.0,1.0
SQ1898100205,18981,205,2009.0,2012.0,4,Home,Away,o,d,False,766.0,770.0,4.0
SQ1898100206,18981,206,2013.0,2014.0,2,Away,Away,d,d,False,765.0,766.0,1.0
SQ1898100207,18981,207,2015.0,2015.0,1,Away,Away,,,False,750.0,750.0,0.0
SQ1898100208,18981,208,2016.0,2021.0,6,Away,Home,o,o,False,740.0,748.0,8.0
SQ1898100209,18981,209,2022.0,2034.0,13,Home,Home,d,d,False,714.0,740.0,26.0
SQ1898100210,18981,210,2035.0,2036.0,2,Home,Home,d,d,False,714.0,714.0,0.0
SQ1898100211,18981,211,2037.0,2038.0,2,Away,Away,o,o,False,696.0,697.0,1.0
SQ1898100212,18981,212,2039.0,2045.0,7,Away,Home,d,o,False,680.0,696.0,16.0
SQ1898100213,18981,213,2046.0,2047.0,2,Home,Away,d,d,False,676.0,680.0,4.0
SQ1898100214,18981,214,2048.0,2048.0,1,Home,Home,,,False,671.0,671.0,0.0
SQ1898100215,18981,215,2049.0,2050.0,2,Away,Away,o,o,False,668.0,669.0,1.0
SQ1898100216,18981,216,2051.0,2061.0,11,Home,Home,d,d,False,644.0,667.0,23.0
SQ1898100217,18981,217,2062.0,2068.0,7,Home,Away,d,o,False,633.0,644.0,11.0
SQ1898100218,18981,218,2069.0,2070.0,2,Home,Home,d,d,False,630.0,630.0,0.0
SQ1898100219,18981,219,2071.0,2071.0,1,Away,Away,,,False,609.0,609.0,0.0
SQ1898100220,18981,220,2072.0,2073.0,2,Home,Home,,,False,600.0,600.0,0.0
SQ1898100221,18981,221,2074.0,2085.0,12,Away,Away,o,o,False,556.0,580.0,24.0
SQ1898100222,18981,222,2086.0,2086.0,1,Away,Away,,,False,556.0,556.0,0.0
SQ1898100223,18981,223,2087.0,2088.0,2,Home,Home,,,False,545.0,545.0,0.0
SQ1898100224,18981,224,2089.0,2091.0,3,Away,Away,,,False,516.0,520.0,4.0
SQ1898100225,18981,225,2092.0,2112.0,21,Away,Home,d,d,False,479.0,516.0,37.0
SQ1898100226,18981,226,2113.0,2116.0,4,Home,Home,o,d,False,475.0,477.0,2.0
SQ1898100227,18981,227,2117.0,2118.0,2,Home,Home,d,d,False,475.0,475.0,0.0
SQ1898100228,18981,228,2119.0,2119.0,1,Home,Home,,,False,449.0,449.0,0.0
SQ1898100229,18981,229,2120.0,2122.0,3,Home,Away,,,False,440.0,444.0,4.0
SQ1898100230,18981,230,2123.0,2124.0,2,Home,Home,d,d,False,433.0,435.0,2.0
SQ1898100231,18981,231,2125.0,2127.0,3,Home,Away,o,o,False,429.0,433.0,4.0
SQ1898100232,18981,232,2128.0,2130.0,3,Home,Home,,,False,423.0,426.0,3.0
SQ1898100233,18981,233,2131.0,2138.0,8,Home,Home,o,o,False,412.0,417.0,5.0
SQ1898100234,18981,234,2139.0,2145.0,7,Home,Away,d,o,False,392.0,406.0,14.0
SQ1898100235,18981,235,2146.0,2150.0,5,Away,Home,d,o,False,384.0,392.0,8.0
SQ1898100236,18981,236,2151.0,2155.0,5,Home,Away,d,o,False,381.0,384.0,3.0
SQ1898100237,18981,237,2156.0,2157.0,2,Away,Home,d,d,False,378.0,378.0,0.0
SQ1898100238,18981,238,2158.0,2159.0,2,Home,Away,o,o,False,374.0,378.0,4.0
SQ1898100239,18981,239,2160.0,2161.0,2,Away,Home,,,False,369.0,374.0,5.0
SQ1898100240,18981,240,2162.0,2163.0,2,Home,Home,,,False,362.0,362.0,0.0
SQ1898100241,18981,241,2164.0,2170.0,7,Home,Away,d,d,False,324.0,339.0,15.0
SQ1898100242,18981,242,2171.0,2172.0,2,Away,Away,d,d,False,324.0,324.0,0.0
SQ1898100243,18981,243,2173.0,2179.0,7,Away,Away,d,d,False,284.0,298.0,14.0
SQ1898100244,18981,244,2180.0,2188.0,9,Away,Away,o,d,False,268.0,284.0,16.0
SQ1898100245,18981,245,2189.0,2190.0,2,Away,Away,d,d,False,267.0,268.0,1.0
SQ1898100246,18981,246,2191.0,2195.0,5,Home,Away,d,d,False,237.0,250.0,13.0
SQ1898100247,18981,247,2196.0,2198.0,3,Away,Home,o,o,False,233.0,237.0,4.0
SQ1898100248,18981,248,2199.0,2201.0,3,Home,Away,d,o,False,232.0,233.0,1.0
SQ1898100249,18981,249,2202.0,2207.0,6,Away,Home,d,o,False,219.0,232.0,13.0
SQ1898100250,18981,250,2208.0,2220.0,13,Away,Home,d,o,False,200.0,217.0,17.0
SQ1898100251,18981,251,2221.0,2222.0,2,Home,Home,,,False,200.0,200.0,0.0
SQ1898100252,18981,252,2223.0,2228.0,6,Home,Away,d,d,False,157.0,174.0,17.0
SQ1898100253,18981,253,2229.0,2233.0,5,Home,Away,o,d,False,146.0,156.0,10.0
SQ1898100254,18981,254,2234.0,2238.0,5,Away,Away,o,d,False,135.0,146.0,11.0
SQ1898100255,18981,255,2239.0,2243.0,5,Away,Away,o,o,False,124.0,135.0,11.0
SQ1898100256,18981,256,2244.0,2246.0,3,Away,Home,d,d,False,118.0,124.0,6.0
SQ1898100257,18981,257,2247.0,2248.0,2,Home,Home,,,False,118.0,118.0,0.0
SQ1898100258,18981,258,2249.0,2265.0,17,Away,Away,o,o,False,63.0,97.0,34.0
SQ1898100259,18981,259,2266.0,2271.0,6,Home,Home,o,o,False,46.0,60.0,14.0
SQ1898100260,18981,260,2272.0,2273.0,2,Home,Home,,,False,46.0,2468.0,2422.0
SQ1898100261,18981,261,2274.0,2282.0,9,Away,Away,o,o,False,30.0,46.0,16.0
SQ1898100262,18981,262,2283.0,2292.0,10,Away,Away,d,o,False,9.0,29.0,20.0
SQ1898100263,18981,263,2293.0,2295.0,3,Away,Home,d,o,False,7.0,9.0,2.0
SQ1898100264,18981,264,2296.0,2297.0,2,,,,,False,0.0,0.0,0.0
SQ1898700002,18987,2,1000.0,1000.0,1,,,,,False,,,
SQ1898700003,18987,3,1001.0,1004.0,3,Away,Away,n,o,False,1079.0,1080.0,1.0
SQ1898700004,18987,4,1005.0,1006.0,2,Home,Home,,,False,1077.0,1079.0,2.0
SQ1898700005,18987,5,1007.0,1013.0,7,Home,Away,d,o,False,1065.0,1075.0,10.0
SQ1898700006,18987,6,1014.0,1015.0,2,Away,Home,o,o,False,1062.0,1065.0,3.0
SQ1898700007,18987,7,1016.0,1017.0,2,Home,Away,,,False,1061.0,1062.0,1.0
SQ1898700008,18987,8,1018.0,1021.0,3,Home,Home,d,d,False,1059.0,1060.0,1.0
SQ1898700009,18987,9,1022.0,1024.0,3,Home,Away,d,o,False,1055.0,1059.0,4.0
SQ1898700010,18987,10,1025.0,1028.0,4,Away,Home,o,d,False,1050.0,1055.0,5.0
SQ1898700011,18987,11,1029.0,1031.0,3,Home,Away,d,o,False,1047.0,1050.0,3.0
SQ1898700012,18987,12,1032.0,1036.0,5,Home,Home,d,o,False,1039.0,1044.0,5.0
SQ1898700013,18987,13,1037.0,1048.0,12,Home,Away,o,o,False,1023.0,1039.0,16.0
SQ1898700014,18987,14,1049.0,1051.0,3,Away,Home,,,False,1017.0,1022.0,5.0
SQ1898700015,18987,15,1052.0,1071.0,20,Home,Home,d,o,False,987.0,1017.0,30.0
SQ1898700016,18987,16,1072.0,1074.0,3,Home,Away,o,o,False,982.0,985.0,3.0
SQ1898700017,18987,17,1075.0,1084.0,10,Away,Home,o,o,False,971.0,982.0,11.0
SQ1898700018,18987,18,1085.0,1086.0,2,Home,Home,o,o,False,967.0,971.0,4.0
SQ1898700019,18987,19,1087.0,1095.0,9,Home,Home,d,d,False,950.0,967.0,17.0
SQ1898700020,18987,20,1096.0,1097.0,2,Home,Home,d,d,False,949.0,949.0,0.0
SQ1898700021,18987,21,1098.0,1121.0,24,Away,Home,d,o,False,903.0,930.0,27.0
SQ1898700022,18987,22,1122.0,1123.0,2,Home,Away,o,d,False,899.0,903.0,4.0
SQ1898700023,18987,23,1124.0,1129.0,6,Away,Away,d,o,False,885.0,899.0,14.0
SQ1898700024,18987,24,1130.0,1146.0,17,Away,Home,o,o,False,860.0,885.0,25.0
SQ1898700025,18987,25,1147.0,1153.0,7,Home,Away,o,o,False,852.0,860.0,8.0
SQ1898700026,18987,26,1154.0,1159.0,6,Away,Home,d,d,False,842.0,852.0,10.0
SQ1898700027,18987,27,1160.0,1164.0,5,Home,Away,d,o,False,834.0,842.0,8.0
SQ1898700028,18987,28,1165.0,1170.0,6,Home,Home,d,o,False,818.0,832.0,14.0
SQ1898700029,18987,29,1171.0,1177.0,7,Home,Away,d,o,False,804.0,818.0,14.0
SQ1898700030,18987,30,1178.0,1182.0,5,Away,Home,d,o,False,803.0,804.0,1.0
SQ1898700031,18987,31,1183.0,1186.0,4,Home,Away,,,False,793.0,803.0,10.0
SQ1898700032,18987,32,1187.0,1189.0,3,Home,Home,,,False,790.0,792.0,2.0
SQ1898700033,18987,33,1190.0,1194.0,5,Away,Away,d,o,False,783.0,789.0,6.0
SQ1898700034,18987,34,1195.0,1201.0,7,Home,Home,d,o,False,773.0,780.0,7.0
SQ1898700035,18987,35,1202.0,1218.0,17,Home,Away,o,d,False,742.0,773.0,31.0
SQ1898700036,18987,36,1219.0,1221.0,3,Away,Home,d,d,False,738.0,742.0,4.0
SQ1898700037,18987,37,1222.0,1240.0,19,Home,Home,d,o,False,700.0,738.0,38.0
SQ1898700038,18987,38,1241.0,1243.0,3,Home,Away,,,False,698.0,700.0,2.0
SQ1898700039,18987,39,1244.0,1249.0,5,Away,Home,d,o,False,693.0,698.0,5.0
SQ1898700040,18987,40,1250.0,1251.0,2,Away,Away,d,d,False,688.0,690.0,2.0
SQ1898700041,18987,41,1252.0,1264.0,13,Away,Home,d,d,False,669.0,688.0,19.0
SQ1898700042,18987,42,1265.0,1267.0,3,Away,Away,o,o,False,661.0,667.0,6.0
SQ1898700043,18987,43,1268.0,1274.0,7,Home,Home,d,o,False,641.0,655.0,14.0
SQ1898700044,18987,44,1275.0,1277.0,3,Home,Away,,,False,638.0,639.0,1.0
SQ1898700045,18987,45,1278.0,1279.0,2,Away,Home,,,False,635.0,636.0,1.0
SQ1898700046,18987,46,1280.0,1285.0,6,Home,Away,d,o,False,630.0,635.0,5.0
SQ1898700047,18987,47,1286.0,1287.0,2,Away,Home,o,o,False,625.0,630.0,5.0
SQ1898700048,18987,48,1288.0,1292.0,5,Home,Home,o,d,False,620.0,625.0,5.0
SQ1898700049,18987,49,1293.0,1294.0,2,Home,Home,d,d,False,619.0,619.0,0.0
SQ1898700050,18987,50,1295.0,1307.0,13,Away,Away,o,o,False,585.0,600.0,15.0
SQ1898700051,18987,51,1308.0,1313.0,6,Home,Away,d,d,False,575.0,583.0,8.0
SQ1898700052,18987,52,1314.0,1319.0,6,Away,Away,o,o,False,566.0,575.0,9.0
SQ1898700053,18987,53,1320.0,1322.0,3,Home,Home,,,False,564.0,564.0,0.0
SQ1898700054,18987,54,1323.0,1326.0,4,Home,Away,,,False,555.0,564.0,9.0
SQ1898700055,18987,55,1327.0,1330.0,4,Home,Away,d,d,False,552.0,554.0,2.0
SQ1898700056,18987,56,1331.0,1334.0,4,Away,Home,d,o,False,548.0,552.0,4.0
SQ1898700057,18987,57,1335.0,1336.0,2,Home,Away,o,o,False,545.0,548.0,3.0
SQ1898700058,18987,58,1337.0,1339.0,3,Away,Home,o,o,False,541.0,544.0,3.0
SQ1898700059,18987,59,1340.0,1341.0,2,Home,Away,o,o,False,539.0,541.0,2.0
SQ1898700060,18987,60,1342.0,1346.0,5,Away,Away,o,d,False,534.0,535.0,1.0
SQ1898700061,18987,61,1347.0,1348.0,2,Away,Away,d,d,False,532.0,532.0,0.0
SQ1898700062,18987,62,1349.0,1354.0,6,Home,Home,d,o,False,503.0,512.0,9.0
SQ1898700063,18987,63,1355.0,1358.0,4,Home,Away,o,o,False,492.0,503.0,11.0
SQ1898700064,18987,64,1359.0,1363.0,5,Away,Home,o,o,False,485.0,492.0,7.0
SQ1898700065,18987,65,1364.0,1368.0,5,Home,Away,o,o,False,479.0,485.0,6.0
SQ1898700066,18987,66,1369.0,1375.0,7,Home,Home,d,d,False,462.0,478.0,16.0
SQ1898700067,18987,67,1376.0,1379.0,4,Home,Away,d,o,False,457.0,462.0,5.0
SQ1898700068,18987,68,1380.0,1384.0,5,Away,Home,o,o,False,449.0,457.0,8.0
SQ1898700069,18987,69,1385.0,1386.0,2,Away,Away,,,False,441.0,445.0,4.0
SQ1898700070,18987,70,1387.0,1387.0,1,Away,Away,,,False,440.0,440.0,0.0
SQ1898700071,18987,71,1388.0,1392.0,5,Away,Away,d,d,False,434.0,439.0,5.0
SQ1898700072,18987,72,1393.0,1394.0,2,Away,Home,d,d,False,432.0,434.0,2.0
SQ1898700073,18987,73,1395.0,1398.0,4,Home,Away,d,o,False,429.0,432.0,3.0
SQ1898700074,18987,74,1399.0,1403.0,5,Away,Home,o,o,False,415.0,429.0,14.0
SQ1898700075,18987,75,1404.0,1408.0,5,Home,Away,o,o,False,408.0,415.0,7.0
SQ1898700076,18987,76,1409.0,1410.0,2,Away,Home,o,o,False,401.0,408.0,7.0
SQ1898700077,18987,77,1411.0,1412.0,2,Away,Away,,,False,398.0,398.0,0.0
SQ1898700078,18987,78,1413.0,1417.0,5,Away,Home,d,d,False,392.0,397.0,5.0
SQ1898700079,18987,79,1418.0,1422.0,5,Home,Home,o,o,False,385.0,392.0,7.0
SQ1898700080,18987,80,1423.0,1424.0,2,Home,Home,,,False,385.0,385.0,0.0
SQ1898700081,18987,81,1425.0,1446.0,22,Away,Home,o,o,False,315.0,350.0,35.0
SQ1898700082,18987,82,1448.0,1449.0,2,Home,Home,,,False,313.0,313.0,0.0
SQ1898700083,18987,83,1450.0,1454.0,5,Away,Home,,,False,285.0,289.0,4.0
SQ1898700084,18987,84,1455.0,1456.0,2,Home,Home,,,False,285.0,285.0,0.0
SQ1898700085,18987,85,1457.0,1463.0,7,Away,Away,,,False,257.0,267.0,10.0
SQ1898700086,18987,86,1464.0,1466.0,3,Away,Home,,,False,255.0,257.0,2.0
SQ1898700087,18987,87,1467.0,1470.0,4,Away,Away,,,False,243.0,245.0,2.0
SQ1898700088,18987,88,1471.0,1498.0,19,Away,Away,,,False,211.0,243.0,32.0
SQ1898700089,18987,89,1499.0,1500.0,2,Away,Away,,,False,205.0,205.0,0.0
SQ1898700090,18987,90,1501.0,1502.0,2,Away,Away,,,False,180.0,183.0,3.0
SQ1898700091,18987,91,1503.0,1511.0,9,Away,Home,,,False,166.0,180.0,14.0
SQ1898700092,18987,92,1512.0,1517.0,6,Home,Away,,,False,159.0,166.0,7.0
SQ1898700093,18987,93,1518.0,1521.0,4,Home,Home,,,False,153.0,154.0,1.0
SQ1898700094,18987,94,1522.0,1534.0,13,Home,Home,,,False,136.0,153.0,17.0
SQ1898700095,18987,95,1535.0,1540.0,6,Home,Away,,,False,131.0,136.0,5.0
SQ1898700096,18987,96,1541.0,1542.0,2,Away,Away,,,False,129.0,129.0,0.0
SQ1898700097,18987,97,1543.0,1548.0,6,Home,Home,,,False,93.0,105.0,12.0
SQ1898700098,18987,98,1549.0,1551.0,3,Home,Away,,,False,90.0,93.0,3.0
SQ1898700099,18987,99,1552.0,1574.0,13,Away,Away,,,False,74.0,90.0,16.0
SQ1898700100,18987,100,1575.0,1577.0,3,Away,Home,,,False,62.0,74.0,12.0
SQ1898700101,18987,101,1578.0,1579.0,2,Home,Home,,,False,58.0,62.0,4.0
SQ1898700102,18987,102,1580.0,1592.0,13,Home,Away,,,False,36.0,58.0,22.0
SQ1898700103,18987,103,1593.0,1594.0,2,Away,Away,,,False,34.0,34.0,0.0
SQ1898700104,18987,104,1595.0,1599.0,5,Away,Away,,,False,1.0,10.0,9.0
SQ1898700105,18987,105,1600.0,1600.0,1,,,,,False,0.0,0.0,0.0
SQ1898700106,18987,106,1601.0,1601.0,1,,,,,False,3406.0,3339.0,-67.0
SQ1898700107,18987,107,1602.0,1605.0,4,Home,Home,,,False,1073.0,1080.0,7.0
SQ1898700108,18987,108,1606.0,1612.0,7,Home,Away,,,False,1059.0,1072.0,13.0
SQ1898700109,18987,109,1613.0,1616.0,4,Away,Home,,,False,1055.0,1059.0,4.0
SQ1898700110,18987,110,1617.0,1620.0,4,Home,Away,,,False,1045.0,1055.0,10.0
SQ1898700111,18987,111,1621.0,1623.0,3,Away,Home,,,False,1042.0,1045.0,3.0
SQ1898700112,18987,112,1624.0,1625.0,2,Away,Away,,,False,1040.0,1040.0,0.0
SQ1898700113,18987,113,1626.0,1630.0,5,Away,Away,,,False,1007.0,1018.0,11.0
SQ1898700114,18987,114,1631.0,1633.0,3,Away,Home,,,False,1006.0,1007.0,1.0
SQ1898700115,18987,115,1634.0,1637.0,4,Home,Away,,,False,1002.0,1006.0,4.0
SQ1898700116,18987,116,1638.0,1640.0,3,Away,Home,,,False,996.0,1002.0,6.0
SQ1898700117,18987,117,1641.0,1644.0,4,Home,Away,,,False,995.0,996.0,1.0
SQ1898700118,18987,118,1645.0,1646.0,2,Away,Away,,,False,989.0,989.0,0.0
SQ1898700119,18987,119,1647.0,1663.0,17,Home,Home,,,False,943.0,973.0,30.0
SQ1898700120,18987,120,1664.0,1669.0,6,Away,Home,,,False,933.0,941.0,8.0
SQ1898700121,18987,121,1670.0,1671.0,2,Home,Home,,,False,933.0,933.0,0.0
SQ1898700122,18987,122,1672.0,1673.0,2,Home,Home,,,False,906.0,907.0,1.0
SQ1898700123,18987,123,1674.0,1676.0,3,Away,Away,,,False,904.0,905.0,1.0
SQ1898700124,18987,124,1677.0,1679.0,3,Away,Home,,,False,901.0,965.0,64.0
SQ1898700125,18987,125,1680.0,1693.0,13,Home,Home,,,False,882.0,901.0,19.0
SQ1898700126,18987,126,1694.0,1697.0,4,Home,Home,,,False,858.0,865.0,7.0
SQ1898700127,18987,127,1698.0,1706.0,9,Home,Home,,,False,843.0,858.0,15.0
SQ1898700128,18987,128,1707.0,1711.0,5,Away,Away,,,False,837.0,842.0,5.0
SQ1898700129,18987,129,1712.0,1720.0,9,Away,Away,,,False,821.0,837.0,16.0
SQ1898700130,18987,130,1721.0,1731.0,11,Away,Home,,,False,799.0,821.0,22.0
SQ1898700131,18987,131,1732.0,1734.0,3,Home,Away,,,False,795.0,799.0,4.0
SQ1898700132,18987,132,1735.0,1741.0,7,Home,Home,,,False,787.0,792.0,5.0
SQ1898700133,18987,133,1742.0,1743.0,2,Home,Away,,,False,780.0,780.0,0.0
SQ1898700134,18987,134,1744.0,1748.0,5,Away,Home,,,False,771.0,780.0,9.0
SQ1898700135,18987,135,1749.0,1758.0,10,Home,Home,,,False,749.0,771.0,22.0
SQ1898700136,18987,136,1759.0,1761.0,3,Home,Away,,,False,746.0,749.0,3.0
SQ1898700137,18987,137,1762.0,1768.0,7,Away,Home,,,False,730.0,746.0,16.0
SQ1898700138,18987,138,1769.0,1770.0,2,Home,Home,,,False,730.0,730.0,0.0
SQ1898700139,18987,139,1771.0,1776.0,6,Away,Away,,,False,701.0,707.0,6.0
SQ1898700140,18987,140,1777.0,1779.0,3,Away,Home,,,False,697.0,701.0,4.0
SQ1898700141,18987,141,1780.0,1788.0,9,Home,Home,,,False,688.0,697.0,9.0
SQ1898700142,18987,142,1789.0,1790.0,2,Home,Home,,,False,687.0,687.0,0.0
SQ1898700143,18987,143,1791.0,1802.0,12,Home,Away,,,False,645.0,671.0,26.0
SQ1898700144,18987,144,1803.0,1808.0,6,Away,Home,,,False,638.0,645.0,7.0
SQ1898700145,18987,145,1809.0,1821.0,13,Home,Home,,,False,622.0,638.0,16.0
SQ1898700146,18987,146,1822.0,1823.0,2,Home,Home,,,False,622.0,622.0,0.0
SQ1898700147,18987,147,1824.0,1824.0,1,Home,Home,,,False,598.0,598.0,0.0
SQ1898700148,18987,148,1825.0,1834.0,10,Away,Away,,,False,563.0,597.0,34.0
SQ1898700149,18987,149,1835.0,1841.0,7,Away,Home,,,False,509.0,574.0,65.0
SQ1898700150,18987,150,1842.0,1856.0,15,Away,Away,,,False,521.0,549.0,28.0
SQ1898700151,18987,151,1857.0,1861.0,4,Away,Home,,,False,515.0,521.0,6.0
SQ1898700152,18987,152,1862.0,1863.0,2,Home,Away,,,False,514.0,515.0,1.0
SQ1898700153,18987,153,1864.0,1869.0,6,Away,Home,,,False,500.0,514.0,14.0
SQ1898700154,18987,154,1870.0,1873.0,4,Home,Away,,,False,495.0,500.0,5.0
SQ1898700155,18987,155,1874.0,1879.0,6,Away,Away,,,False,489.0,495.0,6.0
SQ1898700156,18987,156,1880.0,1881.0,2,Away,Away,,,False,489.0,489.0,0.0
SQ1898700157,18987,157,1882.0,1885.0,4,Away,Away,,,False,464.0,470.0,6.0
SQ1898700158,18987,158,1886.0,1899.0,14,Away,Home,,,False,444.0,464.0,20.0
SQ1898700159,18987,159,1900.0,1905.0,6,Home,Away,,,False,437.0,442.0,5.0
SQ1898700160,18987,160,1906.0,1912.0,7,Away,Home,,,False,418.0,435.0,17.0
SQ1898700161,18987,161,1913.0,1927.0,15,Away,Away,,,False,396.0,418.0,22.0
SQ1898700162,18987,162,1928.0,1943.0,16,Away,Home,,,False,378.0,394.0,16.0
SQ1898700163,18987,163,1944.0,1947.0,4,Home,Away,,,False,373.0,378.0,5.0
SQ1898700164,18987,164,1948.0,1953.0,6,Away,Home,,,False,365.0,373.0,8.0
SQ1898700165,18987,165,1954.0,1971.0,18,Away,Away,,,False,322.0,364.0,42.0
SQ1898700166,18987,166,1972.0,1978.0,7,Home,Home,,,False,307.0,318.0,11.0
SQ1898700167,18987,167,1979.0,1996.0,18,Home,Away,,,False,278.0,307.0,29.0
SQ1898700168,18987,168,1997.0,1998.0,2,Away,Away,,,False,276.0,276.0,0.0
SQ1898700169,18987,169,1999.0,2001.0,3,Home,Away,,,False,239.0,253.0,14.0
SQ1898700170,18987,170,2002.0,2003.0,2,Away,Home,,,False,237.0,239.0,2.0
SQ1898700171,18987,171,2004.0,2005.0,2,Away,Away,,,False,225.0,234.0,9.0
SQ1898700172,18987,172,2006.0,2010.0,5,Away,Away,,,False,203.0,211.0,8.0
SQ1898700173,18987,173,2011.0,2016.0,6,Home,Home,,,False,193.0,203.0,10.0
SQ1898700174,18987,174,2017.0,2020.0,4,Home,Away,,,False,188.0,193.0,5.0
SQ1898700175,18987,175,2021.0,2025.0,5,Away,Home,,,False,177.0,183.0,6.0
SQ1898700176,18987,176,2026.0,2032.0,7,Home,Away,,,False,169.0,177.0,8.0
SQ1898700177,18987,177,2033.0,2040.0,8,Away,Home,,,False,157.0,162.0,5.0
SQ1898700178,18987,178,2041.0,2047.0,7,Home,Away,,,False,142.0,157.0,15.0
SQ1898700179,18987,179,2048.0,2050.0,3,Away,Home,,,False,135.0,142.0,7.0
SQ1898700180,18987,180,2051.0,2055.0,5,Home,Away,,,False,125.0,135.0,10.0
SQ1898700181,18987,181,2056.0,2059.0,4,Away,Home,,,False,119.0,125.0,6.0
SQ1898700182,18987,182,2060.0,2067.0,8,Home,Away,,,False,109.0,119.0,10.0
SQ1898700183,18987,183,2068.0,2079.0,12,Away,Home,,,False,84.0,109.0,25.0
SQ1898700184,18987,184,2080.0,2085.0,6,Away,Away,,,False,75.0,83.0,8.0
SQ1898700185,18987,185,2086.0,2092.0,7,Away,Home,,,False,61.0,75.0,14.0
SQ1898700186,18987,186,2093.0,2100.0,8,Home,Home,,,False,46.0,61.0,15.0
SQ1898700187,18987,187,2101.0,2101.0,1,Home,Home,,,False,46.0,46.0,0.0
SQ1898700188,18987,188,2102.0,2109.0,8,Away,Home,,,False,29.0,43.0,14.0
SQ1898700189,18987,189,2110.0,2111.0,2,Home,Away,,,False,21.0,29.0,8.0
SQ1898700190,18987,190,2112.0,2114.0,3,Home,Home,,,False,15.0,19.0,4.0
SQ1898700191,18987,191,2115.0,2123.0,9,Away,Home,,,False,2.0,12.0,10.0
SQ1898700192,18987,192,2124.0,2124.0,1,,,,,False,0.0,0.0,0.0
SQ1898700193,18987,193,2125.0,2125.0,1,,,,,False,960.0,884.0,-76.0
SQ1898700194,18987,194,2126.0,2136.0,11,Away,Away,,,False,1059.0,1080.0,21.0
SQ1898700195,18987,195,2137.0,2145.0,9,Away,Home,,,False,1041.0,1059.0,18.0
SQ1898700196,18987,196,2146.0,2146.0,1,Home,Home,,,False,1040.0,1040.0,0.0
SQ1898700197,18987,197,2147.0,2148.0,2,Away,Home,,,False,1036.0,1038.0,2.0
SQ1898700198,18987,198,2149.0,2154.0,6,Away,Home,,,False,1026.0,1033.0,7.0
SQ1898700199,18987,199,2155.0,2157.0,3,Home,Away,,,False,1022.0,1025.0,3.0
SQ1898700200,18987,200,2158.0,2166.0,9,Home,Home,,,False,1007.0,1022.0,15.0
SQ1898700201,18987,201,2167.0,2169.0,3,Home,Away,,,False,1004.0,1007.0,3.0
SQ1898700202,18987,202,2170.0,2172.0,3,Away,Home,,,False,999.0,1004.0,5.0
SQ1898700203,18987,203,2173.0,2179.0,7,Home,Away,,,False,988.0,999.0,11.0
SQ1898700204,18987,204,2180.0,2181.0,2,Away,Away,,,False,988.0,988.0,0.0
SQ1898700205,18987,205,2182.0,2189.0,8,Home,Home,,,False,954.0,962.0,8.0
SQ1898700206,18987,206,2190.0,2197.0,8,Home,Home,,,False,943.0,954.0,11.0
SQ1898700207,18987,207,2198.0,2199.0,2,Home,Home,,,False,943.0,943.0,0.0
SQ1898700208,18987,208,2200.0,2200.0,1,Home,Home,,,False,927.0,927.0,0.0
SQ1898700209,18987,209,2201.0,2202.0,2,Home,Away,,,False,923.0,927.0,4.0
SQ1898700210,18987,210,2203.0,2209.0,7,Away,Away,,,False,905.0,923.0,18.0
SQ1898700211,18987,211,2210.0,2211.0,2,Away,Home,,,False,903.0,905.0,2.0
SQ1898700212,18987,212,2212.0,2218.0,7,Away,Away,,,False,898.0,903.0,5.0
SQ1898700213,18987,213,2219.0,2225.0,7,Home,Home,,,False,885.0,892.0,7.0
SQ1898700214,18987,214,2226.0,2226.0,1,Home,Home,,,False,885.0,885.0,0.0
SQ1898700215,18987,215,2227.0,2233.0,7,Away,Home,,,False,872.0,880.0,8.0
SQ1898700216,18987,216,2234.0,2236.0,3,Home,Away,,,False,866.0,870.0,4.0
SQ1898700217,18987,217,2237.0,2240.0,4,Home,Home,,,False,860.0,861.0,1.0
SQ1898700218,18987,218,2241.0,2242.0,2,Home,Away,,,False,858.0,860.0,2.0
SQ1898700219,18987,219,2243.0,2256.0,14,Away,Home,,,False,822.0,855.0,33.0
SQ1898700220,18987,220,2257.0,2264.0,8,Away,Home,,,False,808.0,821.0,13.0
SQ1898700221,18987,221,2265.0,2266.0,2,Home,Home,,,False,807.0,807.0,0.0
SQ1898700222,18987,222,2267.0,2269.0,3,Home,Home,,,False,781.0,785.0,4.0
SQ1898700223,18987,223,2270.0,2280.0,11,Away,Home,,,False,748.0,780.0,32.0
SQ1898700224,18987,224,2281.0,2282.0,2,Home,Home,,,False,746.0,746.0,0.0
SQ1898700225,18987,225,2283.0,2283.0,1,Home,Home,,,False,725.0,725.0,0.0
SQ1898700226,18987,226,2284.0,2288.0,5,Home,Home,,,False,721.0,723.0,2.0
SQ1898700227,18987,227,2289.0,2290.0,2,Home,Home,,,False,720.0,720.0,0.0
SQ1898700228,18987,228,2291.0,2296.0,6,Home,Home,,,False,697.0,705.0,8.0
SQ1898700229,18987,229,2297.0,2308.0,12,Home,Away,,,False,681.0,697.0,16.0
SQ1898700230,18987,230,2309.0,2310.0,2,Away,Home,,,False,675.0,681.0,6.0
SQ1898700231,18987,231,2311.0,2314.0,4,Home,Away,,,False,665.0,675.0,10.0
SQ1898700232,18987,232,2315.0,2323.0,9,Away,Home,,,False,649.0,665.0,16.0
SQ1898700233,18987,233,2324.0,2324.0,1,Home,Home,,,False,649.0,649.0,0.0
SQ1898700234,18987,234,2325.0,2325.0,1,Home,Home,,,False,610.0,610.0,0.0
SQ1898700235,18987,235,2326.0,2346.0,21,Home,Away,,,False,575.0,605.0,30.0
SQ1898700236,18987,236,2347.0,2353.0,7,Away,Away,,,False,564.0,575.0,11.0
SQ1898700237,18987,237,2354.0,2354.0,1,Home,Home,,,False,562.0,562.0,0.0
SQ1898700238,18987,238,2355.0,2356.0,2,Home,Home,,,False,560.0,560.0,0.0
SQ1898700239,18987,239,2357.0,2369.0,13,Away,Home,,,False,519.0,560.0,41.0
SQ1898700240,18987,240,2370.0,2371.0,2,Home,Home,,,False,517.0,517.0,0.0
SQ1898700241,18987,241,2372.0,2372.0,1,Home,Home,,,False,495.0,495.0,0.0
SQ1898700242,18987,242,2373.0,2390.0,18,Home,Home,,,False,471.0,494.0,23.0
SQ1898700243,18987,243,2391.0,2395.0,5,Home,Away,,,False,465.0,471.0,6.0
SQ1898700244,18987,244,2396.0,2409.0,14,Home,Home,,,False,442.0,463.0,21.0
SQ1898700245,18987,245,2410.0,2411.0,2,Home,Home,,,False,434.0,441.0,7.0
SQ1898700246,18987,246,2412.0,2418.0,7,Away,Away,,,False,406.0,421.0,15.0
SQ1898700247,18987,247,2419.0,2424.0,6,Away,Away,,,False,401.0,406.0,5.0
SQ1898700248,18987,248,2425.0,2426.0,2,Away,Away,,,False,400.0,400.0,0.0
SQ1898700249,18987,249,2427.0,2429.0,3,Away,Away,,,False,374.0,379.0,5.0
SQ1898700250,18987,250,2430.0,2439.0,10,Away,Home,,,True,355.0,374.0,19.0
SQ1898700251,18987,251,2440.0,2441.0,2,Home,Home,,,False,355.0,355.0,0.0
SQ1898700252,18987,252,2442.0,2445.0,4,Away,Away,,,False,325.0,331.0,6.0
SQ1898700253,18987,253,2446.0,2457.0,12,Away,Away,,,False,301.0,324.0,23.0
SQ1898700254,18987,254,2458.0,2459.0,2,Away,Away,,,False,301.0,301.0,0.0
SQ1898700255,18987,255,2460.0,2464.0,5,Home,Away,,,False,266.0,275.0,9.0
SQ1898700256,18987,256,2465.0,2466.0,2,Away,Away,,,False,266.0,266.0,0.0
SQ1898700257,18987,257,2467.0,2467.0,1,Away,Away,,,False,252.0,252.0,0.0
SQ1898700258,18987,258,2468.0,2477.0,10,Away,Away,,,False,236.0,251.0,15.0
SQ1898700259,18987,259,2478.0,2484.0,7,Away,Away,,,False,224.0,232.0,8.0
SQ1898700260,18987,260,2485.0,2486.0,2,Away,Away,,,False,222.0,222.0,0.0
SQ1898700261,18987,261,2487.0,2490.0,4,Away,Away,,,False,194.0,200.0,6.0
SQ1898700262,18987,262,2491.0,2495.0,5,Away,Away,,,False,190.0,194.0,4.0
SQ1898700263,18987,263,2496.0,2499.0,4,Home,Away,,,False,189.0,189.0,0.0
SQ1898700264,18987,264,2500.0,2504.0,5,Away,Home,,,False,183.0,189.0,6.0
SQ1898700265,18987,265,2505.0,2506.0,2,Home,Away,,,False,177.0,183.0,6.0
SQ1898700266,18987,266,2507.0,2517.0,11,Away,Away,,,False,161.0,177.0,16.0
SQ1898700267,18987,267,2518.0,2520.0,3,Away,Home,,,False,158.0,161.0,3.0
SQ1898700268,18987,268,2521.0,2523.0,3,Home,Away,,,False,155.0,158.0,3.0
SQ1898700269,18987,269,2524.0,2527.0,4,Away,Home,,,False,148.0,155.0,7.0
SQ1898700270,18987,270,2528.0,2533.0,6,Home,Away,,,False,137.0,148.0,11.0
SQ1898700271,18987,271,2534.0,2536.0,3,Home,Home,,,False,131.0,135.0,4.0
SQ1898700272,18987,272,2537.0,2538.0,2,Away,Away,,,False,130.0,130.0,0.0
SQ1898700273,18987,273,2539.0,2544.0,6,Home,Home,,,False,119.0,129.0,10.0
SQ1898700274,18987,274,2545.0,2555.0,11,Home,Home,,,False,94.0,119.0,25.0
SQ1898700275,18987,275,2556.0,2557.0,2,Home,Home,,,False,93.0,93.0,0.0
SQ1898700276,18987,276,2558.0,2561.0,4,Away,Away,,,False,75.0,78.0,3.0
SQ1898700277,18987,277,2562.0,2566.0,5,Away,Home,,,False,64.0,75.0,11.0
SQ1898700278,18987,278,2567.0,2586.0,19,Home,Home,,,False,32.0,64.0,32.0
SQ1898700279,18987,279,2587.0,2599.0,13,Home,Away,,,False,14.0,29.0,15.0
SQ1898700280,18987,280,2600.0,2601.0,2,Home,Home,,,False,11.0,12.0,1.0
SQ1898700281,18987,281,2602.0,2603.0,2,Home,Home,,,False,0.0,0.0,0.0
