head_to_head_key,game_id,season_id,player_1_id,player_2_id,venue,shifts_together,toi_together,goals_for,goals_against,plus_minus,corsi_for,corsi_against,cf_pct,_export_timestamp,home_team_id,away_team_id,venue_id
H2H_18969_8_12,18969,N20252026F,8,12,home,17,817.98,0,0,0,0,0,50.0,2026-01-12T23:36:36.398533,N10008,N10010,VN01
H2H_18969_8_20,18969,N20252026F,8,20,home,11,594.99,0,0,0,0,0,50.0,2026-01-12T23:36:36.398533,N10008,N10010,VN01
H2H_18969_8_21,18969,N20252026F,8,21,home,38,1475.98,0,0,0,0,0,50.0,2026-01-12T23:36:36.398533,N10008,N10010,VN01
H2H_18969_8_53,18969,N20252026F,8,53,home,37,1102.0,0,0,0,0,0,50.0,2026-01-12T23:36:36.398533,N10008,N10010,VN01
H2H_18969_8_99,18969,N20252026F,8,99,home,49,1679.98,0,0,0,0,0,50.0,2026-01-12T23:36:36.398533,N10008,N10010,VN01
H2H_18969_12_20,18969,N20252026F,12,20,home,21,951.99,0,0,0,0,0,50.0,2026-01-12T23:36:36.398533,N10008,N10010,VN01
H2H_18969_12_21,18969,N20252026F,12,21,home,18,849.98,0,0,0,0,0,50.0,2026-01-12T23:36:36.398533,N10008,N10010,VN01
H2H_18969_12_53,18969,N20252026F,12,53,home,17,685.0,0,0,0,0,0,50.0,2026-01-12T23:36:36.398533,N10008,N10010,VN01
H2H_18969_12_99,18969,N20252026F,12,99,home,30,1224.98,0,0,0,0,0,50.0,2026-01-12T23:36:36.398533,N10008,N10010,VN01
H2H_18969_20_21,18969,N20252026F,20,21,home,13,684.99,0,0,0,0,0,50.0,2026-01-12T23:36:36.398533,N10008,N10010,VN01
H2H_18969_20_53,18969,N20252026F,20,53,home,14,634.0,0,0,0,0,0,50.0,2026-01-12T23:36:36.398533,N10008,N10010,VN01
H2H_18969_20_99,18969,N20252026F,20,99,home,26,1083.99,0,0,0,0,0,50.0,2026-01-12T23:36:36.398533,N10008,N10010,VN01
H2H_18969_21_53,18969,N20252026F,21,53,home,29,1004.0,0,0,0,0,0,50.0,2026-01-12T23:36:36.398533,N10008,N10010,VN01
H2H_18969_21_99,18969,N20252026F,21,99,home,40,1565.98,0,0,0,0,0,50.0,2026-01-12T23:36:36.398533,N10008,N10010,VN01
H2H_18969_53_99,18969,N20252026F,53,99,home,57,1705.0,0,0,0,0,0,50.0,2026-01-12T23:36:36.398533,N10008,N10010,VN01
H2H_18969_3_34,18969,N20252026F,3,34,home,25,773.0,0,0,0,0,0,50.0,2026-01-12T23:36:36.398533,N10008,N10010,VN01
H2H_18969_3_45,18969,N20252026F,3,45,home,27,972.99,0,0,0,0,0,50.0,2026-01-12T23:36:36.398533,N10008,N10010,VN01
H2H_18969_3_78,18969,N20252026F,3,78,home,44,1469.99,0,0,0,0,0,50.0,2026-01-12T23:36:36.398533,N10008,N10010,VN01
H2H_18969_3_82,18969,N20252026F,3,82,home,17,614.0,0,0,0,0,0,50.0,2026-01-12T23:36:36.398533,N10008,N10010,VN01
H2H_18969_3_99,18969,N20252026F,3,99,home,55,1753.99,0,0,0,0,0,50.0,2026-01-12T23:36:36.398533,N10008,N10010,VN01
H2H_18969_34_45,18969,N20252026F,34,45,home,15,554.99,0,0,0,0,0,50.0,2026-01-12T23:36:36.398533,N10008,N10010,VN01
H2H_18969_34_78,18969,N20252026F,34,78,home,21,728.0,0,0,0,0,0,50.0,2026-01-12T23:36:36.398533,N10008,N10010,VN01
H2H_18969_34_82,18969,N20252026F,34,82,home,19,590.0,0,0,0,0,0,50.0,2026-01-12T23:36:36.398533,N10008,N10010,VN01
H2H_18969_34_99,18969,N20252026F,34,99,home,35,994.99,0,0,0,0,0,50.0,2026-01-12T23:36:36.398533,N10008,N10010,VN01
H2H_18969_45_78,18969,N20252026F,45,78,home,26,956.99,0,0,0,0,0,50.0,2026-01-12T23:36:36.398533,N10008,N10010,VN01
H2H_18969_45_82,18969,N20252026F,45,82,home,6,267.0,0,0,0,0,0,50.0,2026-01-12T23:36:36.398533,N10008,N10010,VN01
H2H_18969_45_99,18969,N20252026F,45,99,home,38,1534.97,0,0,0,0,0,50.0,2026-01-12T23:36:36.398533,N10008,N10010,VN01
H2H_18969_78_82,18969,N20252026F,78,82,home,12,511.0,0,0,0,0,0,50.0,2026-01-12T23:36:36.398533,N10008,N10010,VN01
H2H_18969_78_99,18969,N20252026F,78,99,home,46,1479.99,0,0,0,0,0,50.0,2026-01-12T23:36:36.398533,N10008,N10010,VN01
H2H_18969_82_99,18969,N20252026F,82,99,home,23,737.0,0,0,0,0,0,50.0,2026-01-12T23:36:36.398533,N10008,N10010,VN01
H2H_18969_3_47,18969,N20252026F,3,47,home,24,697.99,0,0,0,0,0,50.0,2026-01-12T23:36:36.398533,N10008,N10010,VN01
H2H_18969_34_47,18969,N20252026F,34,47,home,10,244.0,0,0,0,0,0,50.0,2026-01-12T23:36:36.398533,N10008,N10010,VN01
H2H_18969_45_47,18969,N20252026F,45,47,home,18,692.99,0,0,0,0,0,50.0,2026-01-12T23:36:36.398533,N10008,N10010,VN01
H2H_18969_47_78,18969,N20252026F,47,78,home,21,558.99,0,0,0,0,0,50.0,2026-01-12T23:36:36.398533,N10008,N10010,VN01
H2H_18969_47_99,18969,N20252026F,47,99,home,41,1242.99,0,0,0,0,0,50.0,2026-01-12T23:36:36.398533,N10008,N10010,VN01
H2H_18969_3_53,18969,N20252026F,3,53,home,28,781.0,0,0,0,0,0,50.0,2026-01-12T23:36:36.398533,N10008,N10010,VN01
H2H_18969_34_53,18969,N20252026F,34,53,home,20,440.0,0,0,0,0,0,50.0,2026-01-12T23:36:36.398533,N10008,N10010,VN01
H2H_18969_47_53,18969,N20252026F,47,53,home,23,550.0,0,0,0,0,0,50.0,2026-01-12T23:36:36.398533,N10008,N10010,VN01
H2H_18969_53_78,18969,N20252026F,53,78,home,20,523.0,0,0,0,0,0,50.0,2026-01-12T23:36:36.398533,N10008,N10010,VN01
H2H_18969_3_86,18969,N20252026F,3,86,home,14,398.0,0,0,0,0,0,50.0,2026-01-12T23:36:36.398533,N10008,N10010,VN01
H2H_18969_47_86,18969,N20252026F,47,86,home,28,880.0,0,0,0,0,0,50.0,2026-01-12T23:36:36.398533,N10008,N10010,VN01
H2H_18969_53_86,18969,N20252026F,53,86,home,23,631.0,0,0,0,0,0,50.0,2026-01-12T23:36:36.398533,N10008,N10010,VN01
H2H_18969_78_86,18969,N20252026F,78,86,home,11,259.0,0,0,0,0,0,50.0,2026-01-12T23:36:36.398533,N10008,N10010,VN01
H2H_18969_86_99,18969,N20252026F,86,99,home,33,1067.0,0,0,0,0,0,50.0,2026-01-12T23:36:36.398533,N10008,N10010,VN01
H2H_18969_3_8,18969,N20252026F,3,8,home,9,194.0,0,0,0,0,0,50.0,2026-01-12T23:36:36.398533,N10008,N10010,VN01
H2H_18969_8_47,18969,N20252026F,8,47,home,22,694.0,0,0,0,0,0,50.0,2026-01-12T23:36:36.398533,N10008,N10010,VN01
H2H_18969_8_86,18969,N20252026F,8,86,home,24,818.0,0,0,0,0,0,50.0,2026-01-12T23:36:36.398533,N10008,N10010,VN01
H2H_18969_3_20,18969,N20252026F,3,20,home,15,489.0,0,0,0,0,0,50.0,2026-01-12T23:36:36.398533,N10008,N10010,VN01
H2H_18969_20_47,18969,N20252026F,20,47,home,2,25.0,0,0,0,0,0,50.0,2026-01-12T23:36:36.398533,N10008,N10010,VN01
H2H_18969_20_78,18969,N20252026F,20,78,home,13,399.0,0,0,0,0,0,50.0,2026-01-12T23:36:36.398533,N10008,N10010,VN01
H2H_18969_20_45,18969,N20252026F,20,45,home,12,449.99,0,0,0,0,0,50.0,2026-01-12T23:36:36.398533,N10008,N10010,VN01
H2H_18969_3_12,18969,N20252026F,3,12,home,13,407.0,0,0,0,0,0,50.0,2026-01-12T23:36:36.398533,N10008,N10010,VN01
H2H_18969_12_45,18969,N20252026F,12,45,home,13,539.98,0,0,0,0,0,50.0,2026-01-12T23:36:36.398533,N10008,N10010,VN01
H2H_18969_12_78,18969,N20252026F,12,78,home,12,375.0,0,0,0,0,0,50.0,2026-01-12T23:36:36.398533,N10008,N10010,VN01
H2H_18969_53_82,18969,N20252026F,53,82,home,17,470.0,0,0,0,0,0,50.0,2026-01-12T23:36:36.398533,N10008,N10010,VN01
H2H_18969_8_34,18969,N20252026F,8,34,home,14,266.99,0,0,0,0,0,50.0,2026-01-12T23:36:36.398533,N10008,N10010,VN01
H2H_18969_8_82,18969,N20252026F,8,82,home,10,168.0,0,0,0,0,0,50.0,2026-01-12T23:36:36.398533,N10008,N10010,VN01
H2H_18969_21_34,18969,N20252026F,21,34,home,10,221.99,0,0,0,0,0,50.0,2026-01-12T23:36:36.398533,N10008,N10010,VN01
H2H_18969_21_82,18969,N20252026F,21,82,home,7,181.0,0,0,0,0,0,50.0,2026-01-12T23:36:36.398533,N10008,N10010,VN01
H2H_18969_21_47,18969,N20252026F,21,47,home,15,535.0,0,0,0,0,0,50.0,2026-01-12T23:36:36.398533,N10008,N10010,VN01
H2H_18969_21_86,18969,N20252026F,21,86,home,17,659.0,0,0,0,0,0,50.0,2026-01-12T23:36:36.398533,N10008,N10010,VN01
H2H_18969_8_45,18969,N20252026F,8,45,home,12,577.98,0,0,0,0,0,50.0,2026-01-12T23:36:36.398533,N10008,N10010,VN01
H2H_18969_12_86,18969,N20252026F,12,86,home,3,112.0,0,0,0,0,0,50.0,2026-01-12T23:36:36.398533,N10008,N10010,VN01
H2H_18969_21_45,18969,N20252026F,21,45,home,11,561.98,0,0,0,0,0,50.0,2026-01-12T23:36:36.398533,N10008,N10010,VN01
H2H_18969_45_86,18969,N20252026F,45,86,home,10,436.0,0,0,0,0,0,50.0,2026-01-12T23:36:36.398533,N10008,N10010,VN01
H2H_18969_12_34,18969,N20252026F,12,34,home,6,160.99,0,0,0,0,0,50.0,2026-01-12T23:36:36.398533,N10008,N10010,VN01
H2H_18969_82_86,18969,N20252026F,82,86,home,2,75.0,0,0,0,0,0,50.0,2026-01-12T23:36:36.398533,N10008,N10010,VN01
H2H_18969_8_78,18969,N20252026F,8,78,home,2,10.0,0,0,0,0,0,50.0,2026-01-12T23:36:36.398533,N10008,N10010,VN01
H2H_18969_20_82,18969,N20252026F,20,82,home,2,72.0,0,0,0,0,0,50.0,2026-01-12T23:36:36.398533,N10008,N10010,VN01
H2H_18969_3_21,18969,N20252026F,3,21,home,2,90.0,0,0,0,0,0,50.0,2026-01-12T23:36:36.398533,N10008,N10010,VN01
H2H_18969_22_39,18969,N20252026F,22,39,away,26,922.98,0,0,0,0,0,50.0,2026-01-12T23:36:36.398533,N10008,N10010,VN02
H2H_18969_22_49,18969,N20252026F,22,49,away,4,186.0,0,0,0,0,0,50.0,2026-01-12T23:36:36.398533,N10008,N10010,VN02
H2H_18969_22_52,18969,N20252026F,22,52,away,5,250.99,0,0,0,0,0,50.0,2026-01-12T23:36:36.398533,N10008,N10010,VN02
H2H_18969_22_70,18969,N20252026F,22,70,away,13,467.98,0,0,0,0,0,50.0,2026-01-12T23:36:36.398533,N10008,N10010,VN02
H2H_18969_22_75,18969,N20252026F,22,75,away,5,197.0,0,0,0,0,0,50.0,2026-01-12T23:36:36.398533,N10008,N10010,VN02
H2H_18969_39_49,18969,N20252026F,39,49,away,41,1275.0,0,0,0,0,0,50.0,2026-01-12T23:36:36.398533,N10008,N10010,VN02
H2H_18969_39_52,18969,N20252026F,39,52,away,40,1486.99,0,0,0,0,0,50.0,2026-01-12T23:36:36.398533,N10008,N10010,VN02
H2H_18969_39_70,18969,N20252026F,39,70,away,47,1647.98,0,0,0,0,0,50.0,2026-01-12T23:36:36.398533,N10008,N10010,VN02
H2H_18969_39_75,18969,N20252026F,39,75,away,36,1257.0,0,0,0,0,0,50.0,2026-01-12T23:36:36.398533,N10008,N10010,VN02
H2H_18969_49_52,18969,N20252026F,49,52,away,22,768.99,0,0,0,0,0,50.0,2026-01-12T23:36:36.398533,N10008,N10010,VN02
H2H_18969_49_70,18969,N20252026F,49,70,away,21,695.99,0,0,0,0,0,50.0,2026-01-12T23:36:36.398533,N10008,N10010,VN02
H2H_18969_49_75,18969,N20252026F,49,75,away,32,1142.0,0,0,0,0,0,50.0,2026-01-12T23:36:36.398533,N10008,N10010,VN02
H2H_18969_52_70,18969,N20252026F,52,70,away,27,1061.98,0,0,0,0,0,50.0,2026-01-12T23:36:36.398533,N10008,N10010,VN02
H2H_18969_52_75,18969,N20252026F,52,75,away,17,682.0,0,0,0,0,0,50.0,2026-01-12T23:36:36.398533,N10008,N10010,VN02
H2H_18969_70_75,18969,N20252026F,70,75,away,16,580.0,0,0,0,0,0,50.0,2026-01-12T23:36:36.398533,N10008,N10010,VN02
H2H_18969_39_42,18969,N20252026F,39,42,away,46,1510.0,0,0,0,0,0,50.0,2026-01-12T23:36:36.398533,N10008,N10010,VN02
H2H_18969_39_61,18969,N20252026F,39,61,away,32,876.98,0,0,0,0,0,50.0,2026-01-12T23:36:36.398533,N10008,N10010,VN02
H2H_18969_39_84,18969,N20252026F,39,84,away,46,1564.99,0,0,0,0,0,50.0,2026-01-12T23:36:36.398533,N10008,N10010,VN02
H2H_18969_39_91,18969,N20252026F,39,91,away,29,914.98,0,0,0,0,0,50.0,2026-01-12T23:36:36.398533,N10008,N10010,VN02
H2H_18969_39_93,18969,N20252026F,39,93,away,44,1296.0,0,0,0,0,0,50.0,2026-01-12T23:36:36.398533,N10008,N10010,VN02
H2H_18969_42_61,18969,N20252026F,42,61,away,17,424.0,0,0,0,0,0,50.0,2026-01-12T23:36:36.398533,N10008,N10010,VN02
H2H_18969_42_84,18969,N20252026F,42,84,away,28,943.99,0,0,0,0,0,50.0,2026-01-12T23:36:36.398533,N10008,N10010,VN02
H2H_18969_42_91,18969,N20252026F,42,91,away,16,464.0,0,0,0,0,0,50.0,2026-01-12T23:36:36.398533,N10008,N10010,VN02
H2H_18969_42_93,18969,N20252026F,42,93,away,26,856.0,0,0,0,0,0,50.0,2026-01-12T23:36:36.398533,N10008,N10010,VN02
H2H_18969_61_84,18969,N20252026F,61,84,away,16,428.99,0,0,0,0,0,50.0,2026-01-12T23:36:36.398533,N10008,N10010,VN02
H2H_18969_61_91,18969,N20252026F,61,91,away,25,799.98,0,0,0,0,0,50.0,2026-01-12T23:36:36.398533,N10008,N10010,VN02
H2H_18969_61_93,18969,N20252026F,61,93,away,14,226.0,0,0,0,0,0,50.0,2026-01-12T23:36:36.398533,N10008,N10010,VN02
H2H_18969_84_91,18969,N20252026F,84,91,away,17,528.99,0,0,0,0,0,50.0,2026-01-12T23:36:36.398533,N10008,N10010,VN02
H2H_18969_84_93,18969,N20252026F,84,93,away,18,627.0,0,0,0,0,0,50.0,2026-01-12T23:36:36.398533,N10008,N10010,VN02
H2H_18969_91_93,18969,N20252026F,91,93,away,9,216.0,0,0,0,0,0,50.0,2026-01-12T23:36:36.398533,N10008,N10010,VN02
H2H_18969_9_39,18969,N20252026F,9,39,away,30,1045.0,0,0,0,0,0,50.0,2026-01-12T23:36:36.398533,N10008,N10010,VN02
H2H_18969_9_42,18969,N20252026F,9,42,away,12,340.0,0,0,0,0,0,50.0,2026-01-12T23:36:36.398533,N10008,N10010,VN02
H2H_18969_9_61,18969,N20252026F,9,61,away,10,318.0,0,0,0,0,0,50.0,2026-01-12T23:36:36.398533,N10008,N10010,VN02
H2H_18969_9_84,18969,N20252026F,9,84,away,5,173.0,0,0,0,0,0,50.0,2026-01-12T23:36:36.398533,N10008,N10010,VN02
H2H_18969_9_91,18969,N20252026F,9,91,away,10,318.0,0,0,0,0,0,50.0,2026-01-12T23:36:36.398533,N10008,N10010,VN02
H2H_18969_9_52,18969,N20252026F,9,52,away,15,578.0,0,0,0,0,0,50.0,2026-01-12T23:36:36.398533,N10008,N10010,VN02
H2H_18969_42_52,18969,N20252026F,42,52,away,17,588.99,0,0,0,0,0,50.0,2026-01-12T23:36:36.398533,N10008,N10010,VN02
H2H_18969_52_61,18969,N20252026F,52,61,away,13,352.99,0,0,0,0,0,50.0,2026-01-12T23:36:36.398533,N10008,N10010,VN02
H2H_18969_52_91,18969,N20252026F,52,91,away,12,375.99,0,0,0,0,0,50.0,2026-01-12T23:36:36.398533,N10008,N10010,VN02
H2H_18969_9_14,18969,N20252026F,9,14,away,7,391.0,0,0,0,0,0,50.0,2026-01-12T23:36:36.398533,N10008,N10010,VN02
H2H_18969_9_55,18969,N20252026F,9,55,away,8,395.0,0,0,0,0,0,50.0,2026-01-12T23:36:36.398533,N10008,N10010,VN02
H2H_18969_9_70,18969,N20252026F,9,70,away,18,705.0,0,0,0,0,0,50.0,2026-01-12T23:36:36.398533,N10008,N10010,VN02
H2H_18969_14_39,18969,N20252026F,14,39,away,23,968.0,0,0,0,0,0,50.0,2026-01-12T23:36:36.398533,N10008,N10010,VN02
H2H_18969_14_52,18969,N20252026F,14,52,away,9,448.0,0,0,0,0,0,50.0,2026-01-12T23:36:36.398533,N10008,N10010,VN02
H2H_18969_14_55,18969,N20252026F,14,55,away,23,968.0,0,0,0,0,0,50.0,2026-01-12T23:36:36.398533,N10008,N10010,VN02
H2H_18969_14_70,18969,N20252026F,14,70,away,14,559.0,0,0,0,0,0,50.0,2026-01-12T23:36:36.398533,N10008,N10010,VN02
H2H_18969_39_55,18969,N20252026F,39,55,away,25,1024.0,0,0,0,0,0,50.0,2026-01-12T23:36:36.398533,N10008,N10010,VN02
H2H_18969_52_55,18969,N20252026F,52,55,away,10,452.0,0,0,0,0,0,50.0,2026-01-12T23:36:36.398533,N10008,N10010,VN02
H2H_18969_55_70,18969,N20252026F,55,70,away,16,615.0,0,0,0,0,0,50.0,2026-01-12T23:36:36.398533,N10008,N10010,VN02
H2H_18969_14_22,18969,N20252026F,14,22,away,10,298.0,0,0,0,0,0,50.0,2026-01-12T23:36:36.398533,N10008,N10010,VN02
H2H_18969_14_84,18969,N20252026F,14,84,away,11,479.0,0,0,0,0,0,50.0,2026-01-12T23:36:36.398533,N10008,N10010,VN02
H2H_18969_22_55,18969,N20252026F,22,55,away,10,298.0,0,0,0,0,0,50.0,2026-01-12T23:36:36.398533,N10008,N10010,VN02
H2H_18969_22_84,18969,N20252026F,22,84,away,16,484.99,0,0,0,0,0,50.0,2026-01-12T23:36:36.398533,N10008,N10010,VN02
H2H_18969_55_84,18969,N20252026F,55,84,away,12,531.0,0,0,0,0,0,50.0,2026-01-12T23:36:36.398533,N10008,N10010,VN02
H2H_18969_70_84,18969,N20252026F,70,84,away,22,784.98,0,0,0,0,0,50.0,2026-01-12T23:36:36.398533,N10008,N10010,VN02
H2H_18969_22_42,18969,N20252026F,22,42,away,13,455.0,0,0,0,0,0,50.0,2026-01-12T23:36:36.398533,N10008,N10010,VN02
H2H_18969_42_49,18969,N20252026F,42,49,away,24,742.99,0,0,0,0,0,50.0,2026-01-12T23:36:36.398533,N10008,N10010,VN02
H2H_18969_42_75,18969,N20252026F,42,75,away,20,677.0,0,0,0,0,0,50.0,2026-01-12T23:36:36.398533,N10008,N10010,VN02
H2H_18969_49_84,18969,N20252026F,49,84,away,21,662.99,0,0,0,0,0,50.0,2026-01-12T23:36:36.398533,N10008,N10010,VN02
H2H_18969_75_84,18969,N20252026F,75,84,away,18,605.0,0,0,0,0,0,50.0,2026-01-12T23:36:36.398533,N10008,N10010,VN02
H2H_18969_49_93,18969,N20252026F,49,93,away,26,760.0,0,0,0,0,0,50.0,2026-01-12T23:36:36.398533,N10008,N10010,VN02
H2H_18969_52_93,18969,N20252026F,52,93,away,13,378.0,0,0,0,0,0,50.0,2026-01-12T23:36:36.398533,N10008,N10010,VN02
H2H_18969_75_93,18969,N20252026F,75,93,away,20,698.0,0,0,0,0,0,50.0,2026-01-12T23:36:36.398533,N10008,N10010,VN02
H2H_18969_49_61,18969,N20252026F,49,61,away,7,77.0,0,0,0,0,0,50.0,2026-01-12T23:36:36.398533,N10008,N10010,VN02
H2H_18969_61_70,18969,N20252026F,61,70,away,15,452.98,0,0,0,0,0,50.0,2026-01-12T23:36:36.398533,N10008,N10010,VN02
H2H_18969_70_93,18969,N20252026F,70,93,away,18,440.0,0,0,0,0,0,50.0,2026-01-12T23:36:36.398533,N10008,N10010,VN02
H2H_18969_9_93,18969,N20252026F,9,93,away,9,199.0,0,0,0,0,0,50.0,2026-01-12T23:36:36.398533,N10008,N10010,VN02
H2H_18969_70_91,18969,N20252026F,70,91,away,15,498.98,0,0,0,0,0,50.0,2026-01-12T23:36:36.398533,N10008,N10010,VN02
H2H_18969_14_42,18969,N20252026F,14,42,away,9,409.0,0,0,0,0,0,50.0,2026-01-12T23:36:36.398533,N10008,N10010,VN02
H2H_18969_42_55,18969,N20252026F,42,55,away,9,409.0,0,0,0,0,0,50.0,2026-01-12T23:36:36.398533,N10008,N10010,VN02
H2H_18969_14_93,18969,N20252026F,14,93,away,9,320.0,0,0,0,0,0,50.0,2026-01-12T23:36:36.398533,N10008,N10010,VN02
H2H_18969_55_93,18969,N20252026F,55,93,away,10,372.0,0,0,0,0,0,50.0,2026-01-12T23:36:36.398533,N10008,N10010,VN02
H2H_18969_9_49,18969,N20252026F,9,49,away,13,336.0,0,0,0,0,0,50.0,2026-01-12T23:36:36.398533,N10008,N10010,VN02
H2H_18969_9_75,18969,N20252026F,9,75,away,12,332.0,0,0,0,0,0,50.0,2026-01-12T23:36:36.398533,N10008,N10010,VN02
H2H_18969_22_61,18969,N20252026F,22,61,away,11,427.98,0,0,0,0,0,50.0,2026-01-12T23:36:36.398533,N10008,N10010,VN02
H2H_18969_22_91,18969,N20252026F,22,91,away,12,438.98,0,0,0,0,0,50.0,2026-01-12T23:36:36.398533,N10008,N10010,VN02
H2H_18969_9_22,18969,N20252026F,9,22,away,1,95.0,0,0,0,0,0,50.0,2026-01-12T23:36:36.398533,N10008,N10010,VN02
H2H_18969_52_84,18969,N20252026F,52,84,away,9,361.99,0,0,0,0,0,50.0,2026-01-12T23:36:36.398533,N10008,N10010,VN02
H2H_18969_49_55,18969,N20252026F,49,55,away,2,56.0,0,0,0,0,0,50.0,2026-01-12T23:36:36.398533,N10008,N10010,VN02
H2H_18969_75_91,18969,N20252026F,75,91,away,4,115.0,0,0,0,0,0,50.0,2026-01-12T23:36:36.398533,N10008,N10010,VN02
H2H_18969_22_93,18969,N20252026F,22,93,away,4,92.0,0,0,0,0,0,50.0,2026-01-12T23:36:36.398533,N10008,N10010,VN02
H2H_18969_42_70,18969,N20252026F,42,70,away,2,81.99000000000001,0,0,0,0,0,50.0,2026-01-12T23:36:36.398533,N10008,N10010,VN02
H2H_18969_49_91,18969,N20252026F,49,91,away,1,24.0,0,0,0,0,0,50.0,2026-01-12T23:36:36.398533,N10008,N10010,VN02
H2H_18977_39_49,18977,N20252026F,39,49,home,33,1135.0,0,0,0,0,0,50.0,2026-01-12T23:36:36.398533,N10010,N10003,VN01
H2H_18977_39_70,18977,N20252026F,39,70,home,54,1647.0,0,0,0,0,0,50.0,2026-01-12T23:36:36.398533,N10010,N10003,VN01
H2H_18977_39_75,18977,N20252026F,39,75,home,32,1137.0,0,0,0,0,0,50.0,2026-01-12T23:36:36.398533,N10010,N10003,VN01
H2H_18977_39_84,18977,N20252026F,39,84,home,41,1684.99,0,0,0,0,0,50.0,2026-01-12T23:36:36.398533,N10010,N10003,VN01
H2H_18977_39_87,18977,N20252026F,39,87,home,39,1277.99,0,0,0,0,0,50.0,2026-01-12T23:36:36.398533,N10010,N10003,VN01
H2H_18977_49_70,18977,N20252026F,49,70,home,20,624.0,0,0,0,0,0,50.0,2026-01-12T23:36:36.398533,N10010,N10003,VN01
H2H_18977_49_75,18977,N20252026F,49,75,home,29,1091.0,0,0,0,0,0,50.0,2026-01-12T23:36:36.398533,N10010,N10003,VN01
H2H_18977_49_84,18977,N20252026F,49,84,home,20,658.0,0,0,0,0,0,50.0,2026-01-12T23:36:36.398533,N10010,N10003,VN01
H2H_18977_49_87,18977,N20252026F,49,87,home,13,351.0,0,0,0,0,0,50.0,2026-01-12T23:36:36.398533,N10010,N10003,VN01
H2H_18977_70_75,18977,N20252026F,70,75,home,19,640.0,0,0,0,0,0,50.0,2026-01-12T23:36:36.398533,N10010,N10003,VN01
H2H_18977_70_84,18977,N20252026F,70,84,home,25,796.0,0,0,0,0,0,50.0,2026-01-12T23:36:36.398533,N10010,N10003,VN01
H2H_18977_70_87,18977,N20252026F,70,87,home,24,524.0,0,0,0,0,0,50.0,2026-01-12T23:36:36.398533,N10010,N10003,VN01
H2H_18977_75_84,18977,N20252026F,75,84,home,17,627.0,0,0,0,0,0,50.0,2026-01-12T23:36:36.398533,N10010,N10003,VN01
H2H_18977_75_87,18977,N20252026F,75,87,home,13,372.0,0,0,0,0,0,50.0,2026-01-12T23:36:36.398533,N10010,N10003,VN01
H2H_18977_84_87,18977,N20252026F,84,87,home,20,771.99,0,0,0,0,0,50.0,2026-01-12T23:36:36.398533,N10010,N10003,VN01
H2H_18977_22_24,18977,N20252026F,22,24,home,12,485.9,0,0,0,0,0,50.0,2026-01-12T23:36:36.398533,N10010,N10003,VN01
H2H_18977_22_39,18977,N20252026F,22,39,home,25,996.9,0,0,0,0,0,50.0,2026-01-12T23:36:36.398533,N10010,N10003,VN01
H2H_18977_22_42,18977,N20252026F,22,42,home,12,691.9,0,0,0,0,0,50.0,2026-01-12T23:36:36.398533,N10010,N10003,VN01
H2H_18977_22_52,18977,N20252026F,22,52,home,7,299.9,0,0,0,0,0,50.0,2026-01-12T23:36:36.398533,N10010,N10003,VN01
H2H_18977_22_91,18977,N20252026F,22,91,home,17,646.9,0,0,0,0,0,50.0,2026-01-12T23:36:36.398533,N10010,N10003,VN01
H2H_18977_24_39,18977,N20252026F,24,39,home,24,924.89,0,0,0,0,0,50.0,2026-01-12T23:36:36.398533,N10010,N10003,VN01
H2H_18977_24_42,18977,N20252026F,24,42,home,11,650.89,0,0,0,0,0,50.0,2026-01-12T23:36:36.398533,N10010,N10003,VN01
H2H_18977_24_52,18977,N20252026F,24,52,home,12,414.89,0,0,0,0,0,50.0,2026-01-12T23:36:36.398533,N10010,N10003,VN01
H2H_18977_24_91,18977,N20252026F,24,91,home,18,750.89,0,0,0,0,0,50.0,2026-01-12T23:36:36.398533,N10010,N10003,VN01
H2H_18977_39_42,18977,N20252026F,39,42,home,32,1592.88,0,0,0,0,0,50.0,2026-01-12T23:36:36.398533,N10010,N10003,VN01
H2H_18977_39_52,18977,N20252026F,39,52,home,40,1363.89,0,0,0,0,0,50.0,2026-01-12T23:36:36.398533,N10010,N10003,VN01
H2H_18977_39_91,18977,N20252026F,39,91,home,24,992.89,0,0,0,0,0,50.0,2026-01-12T23:36:36.398533,N10010,N10003,VN01
H2H_18977_42_52,18977,N20252026F,42,52,home,14,590.89,0,0,0,0,0,50.0,2026-01-12T23:36:36.398533,N10010,N10003,VN01
H2H_18977_42_91,18977,N20252026F,42,91,home,12,685.89,0,0,0,0,0,50.0,2026-01-12T23:36:36.398533,N10010,N10003,VN01
H2H_18977_52_91,18977,N20252026F,52,91,home,11,466.89,0,0,0,0,0,50.0,2026-01-12T23:36:36.398533,N10010,N10003,VN01
H2H_18977_9_24,18977,N20252026F,9,24,home,11,329.99,0,0,0,0,0,50.0,2026-01-12T23:36:36.398533,N10010,N10003,VN01
H2H_18977_9_39,18977,N20252026F,9,39,home,27,1155.99,0,0,0,0,0,50.0,2026-01-12T23:36:36.398533,N10010,N10003,VN01
H2H_18977_9_42,18977,N20252026F,9,42,home,7,259.99,0,0,0,0,0,50.0,2026-01-12T23:36:36.398533,N10010,N10003,VN01
H2H_18977_9_52,18977,N20252026F,9,52,home,17,692.99,0,0,0,0,0,50.0,2026-01-12T23:36:36.398533,N10010,N10003,VN01
H2H_18977_9_91,18977,N20252026F,9,91,home,7,245.99,0,0,0,0,0,50.0,2026-01-12T23:36:36.398533,N10010,N10003,VN01
H2H_18977_9_14,18977,N20252026F,9,14,home,3,241.0,0,0,0,0,0,50.0,2026-01-12T23:36:36.398533,N10010,N10003,VN01
H2H_18977_9_61,18977,N20252026F,9,61,home,2,219.0,0,0,0,0,0,50.0,2026-01-12T23:36:36.398533,N10010,N10003,VN01
H2H_18977_9_70,18977,N20252026F,9,70,home,20,896.0,0,0,0,0,0,50.0,2026-01-12T23:36:36.398533,N10010,N10003,VN01
H2H_18977_9_84,18977,N20252026F,9,84,home,7,385.0,0,0,0,0,0,50.0,2026-01-12T23:36:36.398533,N10010,N10003,VN01
H2H_18977_14_39,18977,N20252026F,14,39,home,27,1013.99,0,0,0,0,0,50.0,2026-01-12T23:36:36.398533,N10010,N10003,VN01
H2H_18977_14_61,18977,N20252026F,14,61,home,22,909.99,0,0,0,0,0,50.0,2026-01-12T23:36:36.398533,N10010,N10003,VN01
H2H_18977_14_70,18977,N20252026F,14,70,home,22,710.0,0,0,0,0,0,50.0,2026-01-12T23:36:36.398533,N10010,N10003,VN01
H2H_18977_14_84,18977,N20252026F,14,84,home,12,601.99,0,0,0,0,0,50.0,2026-01-12T23:36:36.398533,N10010,N10003,VN01
H2H_18977_39_61,18977,N20252026F,39,61,home,27,1062.99,0,0,0,0,0,50.0,2026-01-12T23:36:36.398533,N10010,N10003,VN01
H2H_18977_61_70,18977,N20252026F,61,70,home,19,618.0,0,0,0,0,0,50.0,2026-01-12T23:36:36.398533,N10010,N10003,VN01
H2H_18977_61_84,18977,N20252026F,61,84,home,13,591.99,0,0,0,0,0,50.0,2026-01-12T23:36:36.398533,N10010,N10003,VN01
H2H_18977_49_61,18977,N20252026F,49,61,home,3,39.0,0,0,0,0,0,50.0,2026-01-12T23:36:36.398533,N10010,N10003,VN01
H2H_18977_61_87,18977,N20252026F,61,87,home,21,637.99,0,0,0,0,0,50.0,2026-01-12T23:36:36.398533,N10010,N10003,VN01
H2H_18977_42_49,18977,N20252026F,42,49,home,13,511.0,0,0,0,0,0,50.0,2026-01-12T23:36:36.398533,N10010,N10003,VN01
H2H_18977_42_75,18977,N20252026F,42,75,home,13,497.0,0,0,0,0,0,50.0,2026-01-12T23:36:36.398533,N10010,N10003,VN01
H2H_18977_42_84,18977,N20252026F,42,84,home,16,888.99,0,0,0,0,0,50.0,2026-01-12T23:36:36.398533,N10010,N10003,VN01
H2H_18977_42_87,18977,N20252026F,42,87,home,15,753.99,0,0,0,0,0,50.0,2026-01-12T23:36:36.398533,N10010,N10003,VN01
H2H_18977_22_49,18977,N20252026F,22,49,home,7,209.0,0,0,0,0,0,50.0,2026-01-12T23:36:36.398533,N10010,N10003,VN01
H2H_18977_22_75,18977,N20252026F,22,75,home,6,190.0,0,0,0,0,0,50.0,2026-01-12T23:36:36.398533,N10010,N10003,VN01
H2H_18977_22_87,18977,N20252026F,22,87,home,2,113.0,0,0,0,0,0,50.0,2026-01-12T23:36:36.398533,N10010,N10003,VN01
H2H_18977_24_87,18977,N20252026F,24,87,home,5,268.0,0,0,0,0,0,50.0,2026-01-12T23:36:36.398533,N10010,N10003,VN01
H2H_18977_24_70,18977,N20252026F,24,70,home,13,274.0,0,0,0,0,0,50.0,2026-01-12T23:36:36.398533,N10010,N10003,VN01
H2H_18977_52_70,18977,N20252026F,52,70,home,26,773.0,0,0,0,0,0,50.0,2026-01-12T23:36:36.398533,N10010,N10003,VN01
H2H_18977_22_70,18977,N20252026F,22,70,home,13,305.0,0,0,0,0,0,50.0,2026-01-12T23:36:36.398533,N10010,N10003,VN01
H2H_18977_22_84,18977,N20252026F,22,84,home,14,528.0,0,0,0,0,0,50.0,2026-01-12T23:36:36.398533,N10010,N10003,VN01
H2H_18977_70_91,18977,N20252026F,70,91,home,12,307.0,0,0,0,0,0,50.0,2026-01-12T23:36:36.398533,N10010,N10003,VN01
H2H_18977_84_91,18977,N20252026F,84,91,home,11,470.0,0,0,0,0,0,50.0,2026-01-12T23:36:36.398533,N10010,N10003,VN01
H2H_18977_49_91,18977,N20252026F,49,91,home,1,5.0,0,0,0,0,0,50.0,2026-01-12T23:36:36.398533,N10010,N10003,VN01
H2H_18977_14_22,18977,N20252026F,14,22,home,2,105.0,0,0,0,0,0,50.0,2026-01-12T23:36:36.398533,N10010,N10003,VN01
H2H_18977_14_91,18977,N20252026F,14,91,home,1,40.0,0,0,0,0,0,50.0,2026-01-12T23:36:36.398533,N10010,N10003,VN01
H2H_18977_14_42,18977,N20252026F,14,42,home,5,303.99,0,0,0,0,0,50.0,2026-01-12T23:36:36.398533,N10010,N10003,VN01
H2H_18977_14_52,18977,N20252026F,14,52,home,14,390.0,0,0,0,0,0,50.0,2026-01-12T23:36:36.398533,N10010,N10003,VN01
H2H_18977_14_87,18977,N20252026F,14,87,home,23,689.99,0,0,0,0,0,50.0,2026-01-12T23:36:36.398533,N10010,N10003,VN01
H2H_18977_42_61,18977,N20252026F,42,61,home,8,444.99,0,0,0,0,0,50.0,2026-01-12T23:36:36.398533,N10010,N10003,VN01
H2H_18977_52_61,18977,N20252026F,52,61,home,14,471.0,0,0,0,0,0,50.0,2026-01-12T23:36:36.398533,N10010,N10003,VN01
H2H_18977_52_87,18977,N20252026F,52,87,home,16,371.0,0,0,0,0,0,50.0,2026-01-12T23:36:36.398533,N10010,N10003,VN01
H2H_18977_14_75,18977,N20252026F,14,75,home,2,33.0,0,0,0,0,0,50.0,2026-01-12T23:36:36.398533,N10010,N10003,VN01
H2H_18977_52_75,18977,N20252026F,52,75,home,14,478.0,0,0,0,0,0,50.0,2026-01-12T23:36:36.398533,N10010,N10003,VN01
H2H_18977_9_49,18977,N20252026F,9,49,home,14,607.0,0,0,0,0,0,50.0,2026-01-12T23:36:36.398533,N10010,N10003,VN01
H2H_18977_9_75,18977,N20252026F,9,75,home,14,607.0,0,0,0,0,0,50.0,2026-01-12T23:36:36.398533,N10010,N10003,VN01
H2H_18977_49_52,18977,N20252026F,49,52,home,12,445.0,0,0,0,0,0,50.0,2026-01-12T23:36:36.398533,N10010,N10003,VN01
H2H_18977_24_84,18977,N20252026F,24,84,home,8,351.0,0,0,0,0,0,50.0,2026-01-12T23:36:36.398533,N10010,N10003,VN01
H2H_18977_87_91,18977,N20252026F,87,91,home,2,156.0,0,0,0,0,0,50.0,2026-01-12T23:36:36.398533,N10010,N10003,VN01
H2H_18977_75_91,18977,N20252026F,75,91,home,1,13.0,0,0,0,0,0,50.0,2026-01-12T23:36:36.398533,N10010,N10003,VN01
H2H_18977_9_87,18977,N20252026F,9,87,home,1,22.0,0,0,0,0,0,50.0,2026-01-12T23:36:36.398533,N10010,N10003,VN01
H2H_18977_14_24,18977,N20252026F,14,24,home,2,31.0,0,0,0,0,0,50.0,2026-01-12T23:36:36.398533,N10010,N10003,VN01
H2H_18977_22_61,18977,N20252026F,22,61,home,4,206.0,0,0,0,0,0,50.0,2026-01-12T23:36:36.398533,N10010,N10003,VN01
H2H_18977_9_22,18977,N20252026F,9,22,home,2,56.0,0,0,0,0,0,50.0,2026-01-12T23:36:36.398533,N10010,N10003,VN01
H2H_18977_61_91,18977,N20252026F,61,91,home,2,114.0,0,0,0,0,0,50.0,2026-01-12T23:36:36.398533,N10010,N10003,VN01
H2H_18977_11_19,18977,N20252026F,11,19,away,49,1791.88,0,0,0,0,0,50.0,2026-01-12T23:36:36.398533,N10010,N10003,VN02
H2H_18977_11_22,18977,N20252026F,11,22,away,13,334.0,0,0,0,0,0,50.0,2026-01-12T23:36:36.398533,N10010,N10003,VN02
H2H_18977_11_27,18977,N20252026F,11,27,away,21,770.98,0,0,0,0,0,50.0,2026-01-12T23:36:36.398533,N10010,N10003,VN02
H2H_18977_11_33,18977,N20252026F,11,33,away,13,599.9,0,0,0,0,0,50.0,2026-01-12T23:36:36.398533,N10010,N10003,VN02
H2H_18977_11_99,18977,N20252026F,11,99,away,57,1859.89,0,0,0,0,0,50.0,2026-01-12T23:36:36.398533,N10010,N10003,VN02
H2H_18977_19_22,18977,N20252026F,19,22,away,10,286.0,0,0,0,0,0,50.0,2026-01-12T23:36:36.398533,N10010,N10003,VN02
H2H_18977_19_27,18977,N20252026F,19,27,away,18,730.98,0,0,0,0,0,50.0,2026-01-12T23:36:36.398533,N10010,N10003,VN02
H2H_18977_19_33,18977,N20252026F,19,33,away,13,599.9,0,0,0,0,0,50.0,2026-01-12T23:36:36.398533,N10010,N10003,VN02
H2H_18977_19_99,18977,N20252026F,19,99,away,52,1790.89,0,0,0,0,0,50.0,2026-01-12T23:36:36.398533,N10010,N10003,VN02
H2H_18977_22_27,18977,N20252026F,22,27,away,19,724.0,0,0,0,0,0,50.0,2026-01-12T23:36:36.398533,N10010,N10003,VN02
H2H_18977_22_33,18977,N20252026F,22,33,away,4,141.0,0,0,0,0,0,50.0,2026-01-12T23:36:36.398533,N10010,N10003,VN02
H2H_18977_22_99,18977,N20252026F,22,99,away,24,855.0,0,0,0,0,0,50.0,2026-01-12T23:36:36.398533,N10010,N10003,VN02
H2H_18977_27_33,18977,N20252026F,27,33,away,3,98.0,0,0,0,0,0,50.0,2026-01-12T23:36:36.398533,N10010,N10003,VN02
H2H_18977_27_99,18977,N20252026F,27,99,away,36,1549.99,0,0,0,0,0,50.0,2026-01-12T23:36:36.398533,N10010,N10003,VN02
H2H_18977_33_99,18977,N20252026F,33,99,away,17,793.9,0,0,0,0,0,50.0,2026-01-12T23:36:36.398533,N10010,N10003,VN02
H2H_18977_2_8,18977,N20252026F,2,8,away,6,330.0,0,0,0,0,0,50.0,2026-01-12T23:36:36.398533,N10010,N10003,VN02
H2H_18977_2_13,18977,N20252026F,2,13,away,16,395.0,0,0,0,0,0,50.0,2026-01-12T23:36:36.398533,N10010,N10003,VN02
H2H_18977_2_18,18977,N20252026F,2,18,away,24,684.0,0,0,0,0,0,50.0,2026-01-12T23:36:36.398533,N10010,N10003,VN02
H2H_18977_2_26,18977,N20252026F,2,26,away,8,515.0,0,0,0,0,0,50.0,2026-01-12T23:36:36.398533,N10010,N10003,VN02
H2H_18977_2_99,18977,N20252026F,2,99,away,36,1143.0,0,0,0,0,0,50.0,2026-01-12T23:36:36.398533,N10010,N10003,VN02
H2H_18977_8_13,18977,N20252026F,8,13,away,4,268.0,0,0,0,0,0,50.0,2026-01-12T23:36:36.398533,N10010,N10003,VN02
H2H_18977_8_18,18977,N20252026F,8,18,away,11,534.9,0,0,0,0,0,50.0,2026-01-12T23:36:36.398533,N10010,N10003,VN02
H2H_18977_8_26,18977,N20252026F,8,26,away,12,769.0,0,0,0,0,0,50.0,2026-01-12T23:36:36.398533,N10010,N10003,VN02
H2H_18977_8_99,18977,N20252026F,8,99,away,18,983.9,0,0,0,0,0,50.0,2026-01-12T23:36:36.398533,N10010,N10003,VN02
H2H_18977_13_18,18977,N20252026F,13,18,away,32,1090.99,0,0,0,0,0,50.0,2026-01-12T23:36:36.398533,N10010,N10003,VN02
H2H_18977_13_26,18977,N20252026F,13,26,away,19,749.99,0,0,0,0,0,50.0,2026-01-12T23:36:36.398533,N10010,N10003,VN02
H2H_18977_13_99,18977,N20252026F,13,99,away,47,1563.99,0,0,0,0,0,50.0,2026-01-12T23:36:36.398533,N10010,N10003,VN02
H2H_18977_18_26,18977,N20252026F,18,26,away,13,545.99,0,0,0,0,0,50.0,2026-01-12T23:36:36.398533,N10010,N10003,VN02
H2H_18977_18_99,18977,N20252026F,18,99,away,50,1677.9,0,0,0,0,0,50.0,2026-01-12T23:36:36.398533,N10010,N10003,VN02
H2H_18977_26_99,18977,N20252026F,26,99,away,29,1340.0,0,0,0,0,0,50.0,2026-01-12T23:36:36.398533,N10010,N10003,VN02
H2H_18977_2_11,18977,N20252026F,2,11,away,29,643.0,0,0,0,0,0,50.0,2026-01-12T23:36:36.398533,N10010,N10003,VN02
H2H_18977_2_19,18977,N20252026F,2,19,away,22,535.0,0,0,0,0,0,50.0,2026-01-12T23:36:36.398533,N10010,N10003,VN02
H2H_18977_2_40,18977,N20252026F,2,40,away,21,750.0,0,0,0,0,0,50.0,2026-01-12T23:36:36.398533,N10010,N10003,VN02
H2H_18977_11_18,18977,N20252026F,11,18,away,39,1241.89,0,0,0,0,0,50.0,2026-01-12T23:36:36.398533,N10010,N10003,VN02
H2H_18977_11_40,18977,N20252026F,11,40,away,17,550.0,0,0,0,0,0,50.0,2026-01-12T23:36:36.398533,N10010,N10003,VN02
H2H_18977_18_19,18977,N20252026F,18,19,away,37,1212.89,0,0,0,0,0,50.0,2026-01-12T23:36:36.398533,N10010,N10003,VN02
H2H_18977_18_40,18977,N20252026F,18,40,away,17,496.0,0,0,0,0,0,50.0,2026-01-12T23:36:36.398533,N10010,N10003,VN02
H2H_18977_19_40,18977,N20252026F,19,40,away,11,464.0,0,0,0,0,0,50.0,2026-01-12T23:36:36.398533,N10010,N10003,VN02
H2H_18977_40_99,18977,N20252026F,40,99,away,28,1161.0,0,0,0,0,0,50.0,2026-01-12T23:36:36.398533,N10010,N10003,VN02
H2H_18977_5_11,18977,N20252026F,5,11,away,14,573.99,0,0,0,0,0,50.0,2026-01-12T23:36:36.398533,N10010,N10003,VN02
H2H_18977_5_19,18977,N20252026F,5,19,away,16,612.99,0,0,0,0,0,50.0,2026-01-12T23:36:36.398533,N10010,N10003,VN02
H2H_18977_5_27,18977,N20252026F,5,27,away,20,949.99,0,0,0,0,0,50.0,2026-01-12T23:36:36.398533,N10010,N10003,VN02
H2H_18977_5_40,18977,N20252026F,5,40,away,7,411.0,0,0,0,0,0,50.0,2026-01-12T23:36:36.398533,N10010,N10003,VN02
H2H_18977_5_99,18977,N20252026F,5,99,away,31,1204.99,0,0,0,0,0,50.0,2026-01-12T23:36:36.398533,N10010,N10003,VN02
H2H_18977_27_40,18977,N20252026F,27,40,away,11,665.0,0,0,0,0,0,50.0,2026-01-12T23:36:36.398533,N10010,N10003,VN02
H2H_18977_5_13,18977,N20252026F,5,13,away,20,607.99,0,0,0,0,0,50.0,2026-01-12T23:36:36.398533,N10010,N10003,VN02
H2H_18977_5_22,18977,N20252026F,5,22,away,14,453.0,0,0,0,0,0,50.0,2026-01-12T23:36:36.398533,N10010,N10003,VN02
H2H_18977_11_13,18977,N20252026F,11,13,away,30,923.98,0,0,0,0,0,50.0,2026-01-12T23:36:36.398533,N10010,N10003,VN02
H2H_18977_13_22,18977,N20252026F,13,22,away,9,244.0,0,0,0,0,0,50.0,2026-01-12T23:36:36.398533,N10010,N10003,VN02
H2H_18977_13_27,18977,N20252026F,13,27,away,18,625.98,0,0,0,0,0,50.0,2026-01-12T23:36:36.398533,N10010,N10003,VN02
H2H_18977_5_26,18977,N20252026F,5,26,away,17,631.0,0,0,0,0,0,50.0,2026-01-12T23:36:36.398533,N10010,N10003,VN02
H2H_18977_22_26,18977,N20252026F,22,26,away,11,521.0,0,0,0,0,0,50.0,2026-01-12T23:36:36.398533,N10010,N10003,VN02
H2H_18977_26_27,18977,N20252026F,26,27,away,18,903.99,0,0,0,0,0,50.0,2026-01-12T23:36:36.398533,N10010,N10003,VN02
H2H_18977_13_33,18977,N20252026F,13,33,away,10,518.0,0,0,0,0,0,50.0,2026-01-12T23:36:36.398533,N10010,N10003,VN02
H2H_18977_18_22,18977,N20252026F,18,22,away,5,131.0,0,0,0,0,0,50.0,2026-01-12T23:36:36.398533,N10010,N10003,VN02
H2H_18977_18_33,18977,N20252026F,18,33,away,14,695.9,0,0,0,0,0,50.0,2026-01-12T23:36:36.398533,N10010,N10003,VN02
H2H_18977_26_33,18977,N20252026F,26,33,away,4,194.0,0,0,0,0,0,50.0,2026-01-12T23:36:36.398533,N10010,N10003,VN02
H2H_18977_8_33,18977,N20252026F,8,33,away,7,328.9,0,0,0,0,0,50.0,2026-01-12T23:36:36.398533,N10010,N10003,VN02
H2H_18977_2_27,18977,N20252026F,2,27,away,12,459.0,0,0,0,0,0,50.0,2026-01-12T23:36:36.398533,N10010,N10003,VN02
H2H_18977_2_22,18977,N20252026F,2,22,away,6,261.0,0,0,0,0,0,50.0,2026-01-12T23:36:36.398533,N10010,N10003,VN02
H2H_18977_8_11,18977,N20252026F,8,11,away,6,214.9,0,0,0,0,0,50.0,2026-01-12T23:36:36.398533,N10010,N10003,VN02
H2H_18977_8_19,18977,N20252026F,8,19,away,5,202.9,0,0,0,0,0,50.0,2026-01-12T23:36:36.398533,N10010,N10003,VN02
H2H_18977_13_40,18977,N20252026F,13,40,away,9,229.0,0,0,0,0,0,50.0,2026-01-12T23:36:36.398533,N10010,N10003,VN02
H2H_18977_26_40,18977,N20252026F,26,40,away,11,611.0,0,0,0,0,0,50.0,2026-01-12T23:36:36.398533,N10010,N10003,VN02
H2H_18977_19_26,18977,N20252026F,19,26,away,6,123.99,0,0,0,0,0,50.0,2026-01-12T23:36:36.398533,N10010,N10003,VN02
H2H_18977_5_18,18977,N20252026F,5,18,away,11,255.0,0,0,0,0,0,50.0,2026-01-12T23:36:36.398533,N10010,N10003,VN02
H2H_18977_5_8,18977,N20252026F,5,8,away,5,325.0,0,0,0,0,0,50.0,2026-01-12T23:36:36.398533,N10010,N10003,VN02
H2H_18977_8_22,18977,N20252026F,8,22,away,3,185.0,0,0,0,0,0,50.0,2026-01-12T23:36:36.398533,N10010,N10003,VN02
H2H_18977_8_27,18977,N20252026F,8,27,away,7,449.0,0,0,0,0,0,50.0,2026-01-12T23:36:36.398533,N10010,N10003,VN02
H2H_18977_13_19,18977,N20252026F,13,19,away,26,877.98,0,0,0,0,0,50.0,2026-01-12T23:36:36.398533,N10010,N10003,VN02
H2H_18977_8_40,18977,N20252026F,8,40,away,6,328.0,0,0,0,0,0,50.0,2026-01-12T23:36:36.398533,N10010,N10003,VN02
H2H_18977_22_40,18977,N20252026F,22,40,away,2,140.0,0,0,0,0,0,50.0,2026-01-12T23:36:36.398533,N10010,N10003,VN02
H2H_18977_11_26,18977,N20252026F,11,26,away,2,69.99000000000001,0,0,0,0,0,50.0,2026-01-12T23:36:36.398533,N10010,N10003,VN02
H2H_18977_18_27,18977,N20252026F,18,27,away,2,97.99,0,0,0,0,0,50.0,2026-01-12T23:36:36.398533,N10010,N10003,VN02
H2H_18981_10_15,18981,N20252026F,10,15,home,18,380.99,0,0,0,0,0,50.0,2026-01-12T23:36:36.398533,N10004,N10010,VN01
H2H_18981_10_16,18981,N20252026F,10,16,home,22,593.99,0,0,0,0,0,50.0,2026-01-12T23:36:36.398533,N10004,N10010,VN01
H2H_18981_10_23,18981,N20252026F,10,23,home,30,1016.0,0,0,0,0,0,50.0,2026-01-12T23:36:36.398533,N10004,N10010,VN01
H2H_18981_10_31,18981,N20252026F,10,31,home,58,1723.98,0,0,0,0,0,50.0,2026-01-12T23:36:36.398533,N10004,N10010,VN01
H2H_18981_10_37,18981,N20252026F,10,37,home,30,1085.99,0,0,0,0,0,50.0,2026-01-12T23:36:36.398533,N10004,N10010,VN01
H2H_18981_15_16,18981,N20252026F,15,16,home,13,492.0,0,0,0,0,0,50.0,2026-01-12T23:36:36.398533,N10004,N10010,VN01
H2H_18981_15_23,18981,N20252026F,15,23,home,20,621.0,0,0,0,0,0,50.0,2026-01-12T23:36:36.398533,N10004,N10010,VN01
H2H_18981_15_31,18981,N20252026F,15,31,home,37,1192.99,0,0,0,0,0,50.0,2026-01-12T23:36:36.398533,N10004,N10010,VN01
H2H_18981_15_37,18981,N20252026F,15,37,home,20,638.99,0,0,0,0,0,50.0,2026-01-12T23:36:36.398533,N10004,N10010,VN01
H2H_18981_16_23,18981,N20252026F,16,23,home,10,403.0,0,0,0,0,0,50.0,2026-01-12T23:36:36.398533,N10004,N10010,VN01
H2H_18981_16_31,18981,N20252026F,16,31,home,39,1202.98,0,0,0,0,0,50.0,2026-01-12T23:36:36.398533,N10004,N10010,VN01
H2H_18981_16_37,18981,N20252026F,16,37,home,10,400.0,0,0,0,0,0,50.0,2026-01-12T23:36:36.398533,N10004,N10010,VN01
H2H_18981_23_31,18981,N20252026F,23,31,home,45,1582.0,0,0,0,0,0,50.0,2026-01-12T23:36:36.398533,N10004,N10010,VN01
H2H_18981_23_37,18981,N20252026F,23,37,home,40,1523.0,0,0,0,0,0,50.0,2026-01-12T23:36:36.398533,N10004,N10010,VN01
H2H_18981_31_37,18981,N20252026F,31,37,home,47,1659.99,0,0,0,0,0,50.0,2026-01-12T23:36:36.398533,N10004,N10010,VN01
H2H_18981_3_31,18981,N20252026F,3,31,home,44,1134.99,0,0,0,0,0,50.0,2026-01-12T23:36:36.398533,N10004,N10010,VN01
H2H_18981_3_37,18981,N20252026F,3,37,home,15,420.0,0,0,0,0,0,50.0,2026-01-12T23:36:36.398533,N10004,N10010,VN01
H2H_18981_3_44,18981,N20252026F,3,44,home,24,665.0,0,0,0,0,0,50.0,2026-01-12T23:36:36.398533,N10004,N10010,VN01
H2H_18981_3_79,18981,N20252026F,3,79,home,15,423.0,0,0,0,0,0,50.0,2026-01-12T23:36:36.398533,N10004,N10010,VN01
H2H_18981_3_80,18981,N20252026F,3,80,home,32,784.99,0,0,0,0,0,50.0,2026-01-12T23:36:36.398533,N10004,N10010,VN01
H2H_18981_31_44,18981,N20252026F,31,44,home,59,1832.0,0,0,0,0,0,50.0,2026-01-12T23:36:36.398533,N10004,N10010,VN01
H2H_18981_31_79,18981,N20252026F,31,79,home,44,1511.99,0,0,0,0,0,50.0,2026-01-12T23:36:36.398533,N10004,N10010,VN01
H2H_18981_31_80,18981,N20252026F,31,80,home,61,1666.98,0,0,0,0,0,50.0,2026-01-12T23:36:36.398533,N10004,N10010,VN01
H2H_18981_37_44,18981,N20252026F,37,44,home,36,1214.0,0,0,0,0,0,50.0,2026-01-12T23:36:36.398533,N10004,N10010,VN01
H2H_18981_37_79,18981,N20252026F,37,79,home,17,574.0,0,0,0,0,0,50.0,2026-01-12T23:36:36.398533,N10004,N10010,VN01
H2H_18981_37_80,18981,N20252026F,37,80,home,6,91.0,0,0,0,0,0,50.0,2026-01-12T23:36:36.398533,N10004,N10010,VN01
H2H_18981_44_79,18981,N20252026F,44,79,home,25,812.0,0,0,0,0,0,50.0,2026-01-12T23:36:36.398533,N10004,N10010,VN01
H2H_18981_44_80,18981,N20252026F,44,80,home,28,702.0,0,0,0,0,0,50.0,2026-01-12T23:36:36.398533,N10004,N10010,VN01
H2H_18981_79_80,18981,N20252026F,79,80,home,31,962.99,0,0,0,0,0,50.0,2026-01-12T23:36:36.398533,N10004,N10010,VN01
H2H_18981_3_8,18981,N20252026F,3,8,home,28,704.99,0,0,0,0,0,50.0,2026-01-12T23:36:36.398533,N10004,N10010,VN01
H2H_18981_8_31,18981,N20252026F,8,31,home,51,1562.97,0,0,0,0,0,50.0,2026-01-12T23:36:36.398533,N10004,N10010,VN01
H2H_18981_8_44,18981,N20252026F,8,44,home,19,569.0,0,0,0,0,0,50.0,2026-01-12T23:36:36.398533,N10004,N10010,VN01
H2H_18981_8_79,18981,N20252026F,8,79,home,27,928.99,0,0,0,0,0,50.0,2026-01-12T23:36:36.398533,N10004,N10010,VN01
H2H_18981_8_80,18981,N20252026F,8,80,home,51,1520.98,0,0,0,0,0,50.0,2026-01-12T23:36:36.398533,N10004,N10010,VN01
H2H_18981_3_10,18981,N20252026F,3,10,home,29,711.99,0,0,0,0,0,50.0,2026-01-12T23:36:36.398533,N10004,N10010,VN01
H2H_18981_8_10,18981,N20252026F,8,10,home,26,641.98,0,0,0,0,0,50.0,2026-01-12T23:36:36.398533,N10004,N10010,VN01
H2H_18981_10_44,18981,N20252026F,10,44,home,34,1020.0,0,0,0,0,0,50.0,2026-01-12T23:36:36.398533,N10004,N10010,VN01
H2H_18981_10_80,18981,N20252026F,10,80,home,32,711.99,0,0,0,0,0,50.0,2026-01-12T23:36:36.398533,N10004,N10010,VN01
H2H_18981_7_10,18981,N20252026F,7,10,home,12,635.0,0,0,0,0,0,50.0,2026-01-12T23:36:36.398533,N10004,N10010,VN01
H2H_18981_7_16,18981,N20252026F,7,16,home,7,244.99,0,0,0,0,0,50.0,2026-01-12T23:36:36.398533,N10004,N10010,VN01
H2H_18981_7_23,18981,N20252026F,7,23,home,12,601.0,0,0,0,0,0,50.0,2026-01-12T23:36:36.398533,N10004,N10010,VN01
H2H_18981_7_31,18981,N20252026F,7,31,home,21,907.99,0,0,0,0,0,50.0,2026-01-12T23:36:36.398533,N10004,N10010,VN01
H2H_18981_7_37,18981,N20252026F,7,37,home,12,601.0,0,0,0,0,0,50.0,2026-01-12T23:36:36.398533,N10004,N10010,VN01
H2H_18981_15_80,18981,N20252026F,15,80,home,21,579.0,0,0,0,0,0,50.0,2026-01-12T23:36:36.398533,N10004,N10010,VN01
H2H_18981_16_80,18981,N20252026F,16,80,home,31,813.98,0,0,0,0,0,50.0,2026-01-12T23:36:36.398533,N10004,N10010,VN01
H2H_18981_15_44,18981,N20252026F,15,44,home,21,504.0,0,0,0,0,0,50.0,2026-01-12T23:36:36.398533,N10004,N10010,VN01
H2H_18981_15_79,18981,N20252026F,15,79,home,21,820.0,0,0,0,0,0,50.0,2026-01-12T23:36:36.398533,N10004,N10010,VN01
H2H_18981_8_15,18981,N20252026F,8,15,home,15,554.99,0,0,0,0,0,50.0,2026-01-12T23:36:36.398533,N10004,N10010,VN01
H2H_18981_3_16,18981,N20252026F,3,16,home,20,469.99,0,0,0,0,0,50.0,2026-01-12T23:36:36.398533,N10004,N10010,VN01
H2H_18981_8_16,18981,N20252026F,8,16,home,29,796.98,0,0,0,0,0,50.0,2026-01-12T23:36:36.398533,N10004,N10010,VN01
H2H_18981_16_79,18981,N20252026F,16,79,home,19,616.99,0,0,0,0,0,50.0,2026-01-12T23:36:36.398533,N10004,N10010,VN01
H2H_18981_3_23,18981,N20252026F,3,23,home,13,360.0,0,0,0,0,0,50.0,2026-01-12T23:36:36.398533,N10004,N10010,VN01
H2H_18981_23_80,18981,N20252026F,23,80,home,5,59.0,0,0,0,0,0,50.0,2026-01-12T23:36:36.398533,N10004,N10010,VN01
H2H_18981_7_79,18981,N20252026F,7,79,home,9,272.99,0,0,0,0,0,50.0,2026-01-12T23:36:36.398533,N10004,N10010,VN01
H2H_18981_23_79,18981,N20252026F,23,79,home,15,566.0,0,0,0,0,0,50.0,2026-01-12T23:36:36.398533,N10004,N10010,VN01
H2H_18981_7_44,18981,N20252026F,7,44,home,14,663.0,0,0,0,0,0,50.0,2026-01-12T23:36:36.398533,N10004,N10010,VN01
H2H_18981_23_44,18981,N20252026F,23,44,home,35,1179.0,0,0,0,0,0,50.0,2026-01-12T23:36:36.398533,N10004,N10010,VN01
H2H_18981_7_8,18981,N20252026F,7,8,home,9,306.99,0,0,0,0,0,50.0,2026-01-12T23:36:36.398533,N10004,N10010,VN01
H2H_18981_7_80,18981,N20252026F,7,80,home,9,306.99,0,0,0,0,0,50.0,2026-01-12T23:36:36.398533,N10004,N10010,VN01
H2H_18981_10_79,18981,N20252026F,10,79,home,1,4.0,0,0,0,0,0,50.0,2026-01-12T23:36:36.398533,N10004,N10010,VN01
H2H_18981_8_37,18981,N20252026F,8,37,home,1,45.99,0,0,0,0,0,50.0,2026-01-12T23:36:36.398533,N10004,N10010,VN01
H2H_18981_22_39,18981,N20252026F,22,39,away,33,1156.0,0,0,0,0,0,50.0,2026-01-12T23:36:36.398533,N10004,N10010,VN02
H2H_18981_22_70,18981,N20252026F,22,70,away,26,926.99,0,0,0,0,0,50.0,2026-01-12T23:36:36.398533,N10004,N10010,VN02
H2H_18981_22_75,18981,N20252026F,22,75,away,28,948.99,0,0,0,0,0,50.0,2026-01-12T23:36:36.398533,N10004,N10010,VN02
H2H_18981_22_84,18981,N20252026F,22,84,away,9,289.0,0,0,0,0,0,50.0,2026-01-12T23:36:36.398533,N10004,N10010,VN02
H2H_18981_22_87,18981,N20252026F,22,87,away,26,894.0,0,0,0,0,0,50.0,2026-01-12T23:36:36.398533,N10004,N10010,VN02
H2H_18981_39_70,18981,N20252026F,39,70,away,34,1205.0,0,0,0,0,0,50.0,2026-01-12T23:36:36.398533,N10004,N10010,VN02
H2H_18981_39_75,18981,N20252026F,39,75,away,33,1148.0,0,0,0,0,0,50.0,2026-01-12T23:36:36.398533,N10004,N10010,VN02
H2H_18981_39_84,18981,N20252026F,39,84,away,41,1270.99,0,0,0,0,0,50.0,2026-01-12T23:36:36.398533,N10004,N10010,VN02
H2H_18981_39_87,18981,N20252026F,39,87,away,30,1123.0,0,0,0,0,0,50.0,2026-01-12T23:36:36.398533,N10004,N10010,VN02
H2H_18981_70_75,18981,N20252026F,70,75,away,31,1094.99,0,0,0,0,0,50.0,2026-01-12T23:36:36.398533,N10004,N10010,VN02
H2H_18981_70_84,18981,N20252026F,70,84,away,14,466.0,0,0,0,0,0,50.0,2026-01-12T23:36:36.398533,N10004,N10010,VN02
H2H_18981_70_87,18981,N20252026F,70,87,away,26,1019.0,0,0,0,0,0,50.0,2026-01-12T23:36:36.398533,N10004,N10010,VN02
H2H_18981_75_84,18981,N20252026F,75,84,away,11,353.0,0,0,0,0,0,50.0,2026-01-12T23:36:36.398533,N10004,N10010,VN02
H2H_18981_75_87,18981,N20252026F,75,87,away,30,1152.0,0,0,0,0,0,50.0,2026-01-12T23:36:36.398533,N10004,N10010,VN02
H2H_18981_84_87,18981,N20252026F,84,87,away,11,352.0,0,0,0,0,0,50.0,2026-01-12T23:36:36.398533,N10004,N10010,VN02
H2H_18981_22_52,18981,N20252026F,22,52,away,20,678.99,0,0,0,0,0,50.0,2026-01-12T23:36:36.398533,N10004,N10010,VN02
H2H_18981_22_91,18981,N20252026F,22,91,away,5,166.0,0,0,0,0,0,50.0,2026-01-12T23:36:36.398533,N10004,N10010,VN02
H2H_18981_39_52,18981,N20252026F,39,52,away,48,1566.99,0,0,0,0,0,50.0,2026-01-12T23:36:36.398533,N10004,N10010,VN02
H2H_18981_39_91,18981,N20252026F,39,91,away,34,903.0,0,0,0,0,0,50.0,2026-01-12T23:36:36.398533,N10004,N10010,VN02
H2H_18981_52_70,18981,N20252026F,52,70,away,17,599.99,0,0,0,0,0,50.0,2026-01-12T23:36:36.398533,N10004,N10010,VN02
H2H_18981_52_75,18981,N20252026F,52,75,away,16,555.99,0,0,0,0,0,50.0,2026-01-12T23:36:36.398533,N10004,N10010,VN02
H2H_18981_52_91,18981,N20252026F,52,91,away,18,507.0,0,0,0,0,0,50.0,2026-01-12T23:36:36.398533,N10004,N10010,VN02
H2H_18981_70_91,18981,N20252026F,70,91,away,8,151.0,0,0,0,0,0,50.0,2026-01-12T23:36:36.398533,N10004,N10010,VN02
H2H_18981_75_91,18981,N20252026F,75,91,away,4,30.0,0,0,0,0,0,50.0,2026-01-12T23:36:36.398533,N10004,N10010,VN02
H2H_18981_24_39,18981,N20252026F,24,39,away,38,980.0,0,0,0,0,0,50.0,2026-01-12T23:36:36.398533,N10004,N10010,VN02
H2H_18981_24_42,18981,N20252026F,24,42,away,28,808.0,0,0,0,0,0,50.0,2026-01-12T23:36:36.398533,N10004,N10010,VN02
H2H_18981_24_52,18981,N20252026F,24,52,away,20,555.0,0,0,0,0,0,50.0,2026-01-12T23:36:36.398533,N10004,N10010,VN02
H2H_18981_24_91,18981,N20252026F,24,91,away,30,873.0,0,0,0,0,0,50.0,2026-01-12T23:36:36.398533,N10004,N10010,VN02
H2H_18981_24_93,18981,N20252026F,24,93,away,22,433.0,0,0,0,0,0,50.0,2026-01-12T23:36:36.398533,N10004,N10010,VN02
H2H_18981_39_42,18981,N20252026F,39,42,away,32,917.0,0,0,0,0,0,50.0,2026-01-12T23:36:36.398533,N10004,N10010,VN02
H2H_18981_39_93,18981,N20252026F,39,93,away,48,1389.99,0,0,0,0,0,50.0,2026-01-12T23:36:36.398533,N10004,N10010,VN02
H2H_18981_42_52,18981,N20252026F,42,52,away,14,517.99,0,0,0,0,0,50.0,2026-01-12T23:36:36.398533,N10004,N10010,VN02
H2H_18981_42_91,18981,N20252026F,42,91,away,22,713.0,0,0,0,0,0,50.0,2026-01-12T23:36:36.398533,N10004,N10010,VN02
H2H_18981_42_93,18981,N20252026F,42,93,away,23,517.0,0,0,0,0,0,50.0,2026-01-12T23:36:36.398533,N10004,N10010,VN02
H2H_18981_52_93,18981,N20252026F,52,93,away,17,476.0,0,0,0,0,0,50.0,2026-01-12T23:36:36.398533,N10004,N10010,VN02
H2H_18981_91_93,18981,N20252026F,91,93,away,17,343.0,0,0,0,0,0,50.0,2026-01-12T23:36:36.398533,N10004,N10010,VN02
H2H_18981_9_14,18981,N20252026F,9,14,away,10,263.99,0,0,0,0,0,50.0,2026-01-12T23:36:36.398533,N10004,N10010,VN02
H2H_18981_9_39,18981,N20252026F,9,39,away,30,917.99,0,0,0,0,0,50.0,2026-01-12T23:36:36.398533,N10004,N10010,VN02
H2H_18981_9_49,18981,N20252026F,9,49,away,14,373.99,0,0,0,0,0,50.0,2026-01-12T23:36:36.398533,N10004,N10010,VN02
H2H_18981_9_61,18981,N20252026F,9,61,away,10,264.99,0,0,0,0,0,50.0,2026-01-12T23:36:36.398533,N10004,N10010,VN02
H2H_18981_9_84,18981,N20252026F,9,84,away,11,362.0,0,0,0,0,0,50.0,2026-01-12T23:36:36.398533,N10004,N10010,VN02
H2H_18981_14_39,18981,N20252026F,14,39,away,29,915.98,0,0,0,0,0,50.0,2026-01-12T23:36:36.398533,N10004,N10010,VN02
H2H_18981_14_49,18981,N20252026F,14,49,away,22,642.99,0,0,0,0,0,50.0,2026-01-12T23:36:36.398533,N10004,N10010,VN02
H2H_18981_14_61,18981,N20252026F,14,61,away,24,848.98,0,0,0,0,0,50.0,2026-01-12T23:36:36.398533,N10004,N10010,VN02
H2H_18981_14_84,18981,N20252026F,14,84,away,11,449.99,0,0,0,0,0,50.0,2026-01-12T23:36:36.398533,N10004,N10010,VN02
H2H_18981_39_49,18981,N20252026F,39,49,away,32,877.99,0,0,0,0,0,50.0,2026-01-12T23:36:36.398533,N10004,N10010,VN02
H2H_18981_39_61,18981,N20252026F,39,61,away,24,844.98,0,0,0,0,0,50.0,2026-01-12T23:36:36.398533,N10004,N10010,VN02
H2H_18981_49_61,18981,N20252026F,49,61,away,21,635.99,0,0,0,0,0,50.0,2026-01-12T23:36:36.398533,N10004,N10010,VN02
H2H_18981_49_84,18981,N20252026F,49,84,away,12,319.0,0,0,0,0,0,50.0,2026-01-12T23:36:36.398533,N10004,N10010,VN02
H2H_18981_61_84,18981,N20252026F,61,84,away,12,454.99,0,0,0,0,0,50.0,2026-01-12T23:36:36.398533,N10004,N10010,VN02
H2H_18981_9_87,18981,N20252026F,9,87,away,7,211.0,0,0,0,0,0,50.0,2026-01-12T23:36:36.398533,N10004,N10010,VN02
H2H_18981_49_87,18981,N20252026F,49,87,away,3,36.0,0,0,0,0,0,50.0,2026-01-12T23:36:36.398533,N10004,N10010,VN02
H2H_18981_61_87,18981,N20252026F,61,87,away,2,14.0,0,0,0,0,0,50.0,2026-01-12T23:36:36.398533,N10004,N10010,VN02
H2H_18981_22_49,18981,N20252026F,22,49,away,7,172.99,0,0,0,0,0,50.0,2026-01-12T23:36:36.398533,N10004,N10010,VN02
H2H_18981_49_52,18981,N20252026F,49,52,away,18,436.99,0,0,0,0,0,50.0,2026-01-12T23:36:36.398533,N10004,N10010,VN02
H2H_18981_49_75,18981,N20252026F,49,75,away,2,67.99000000000001,0,0,0,0,0,50.0,2026-01-12T23:36:36.398533,N10004,N10010,VN02
H2H_18981_52_87,18981,N20252026F,52,87,away,12,486.0,0,0,0,0,0,50.0,2026-01-12T23:36:36.398533,N10004,N10010,VN02
H2H_18981_70_93,18981,N20252026F,70,93,away,10,377.0,0,0,0,0,0,50.0,2026-01-12T23:36:36.398533,N10004,N10010,VN02
H2H_18981_75_93,18981,N20252026F,75,93,away,10,401.0,0,0,0,0,0,50.0,2026-01-12T23:36:36.398533,N10004,N10010,VN02
H2H_18981_84_91,18981,N20252026F,84,91,away,19,469.0,0,0,0,0,0,50.0,2026-01-12T23:36:36.398533,N10004,N10010,VN02
H2H_18981_84_93,18981,N20252026F,84,93,away,12,307.0,0,0,0,0,0,50.0,2026-01-12T23:36:36.398533,N10004,N10010,VN02
H2H_18981_24_70,18981,N20252026F,24,70,away,4,121.0,0,0,0,0,0,50.0,2026-01-12T23:36:36.398533,N10004,N10010,VN02
H2H_18981_24_84,18981,N20252026F,24,84,away,18,463.0,0,0,0,0,0,50.0,2026-01-12T23:36:36.398533,N10004,N10010,VN02
H2H_18981_42_84,18981,N20252026F,42,84,away,12,318.0,0,0,0,0,0,50.0,2026-01-12T23:36:36.398533,N10004,N10010,VN02
H2H_18981_9_52,18981,N20252026F,9,52,away,4,179.0,0,0,0,0,0,50.0,2026-01-12T23:36:36.398533,N10004,N10010,VN02
H2H_18981_14_52,18981,N20252026F,14,52,away,19,607.99,0,0,0,0,0,50.0,2026-01-12T23:36:36.398533,N10004,N10010,VN02
H2H_18981_52_61,18981,N20252026F,52,61,away,14,535.99,0,0,0,0,0,50.0,2026-01-12T23:36:36.398533,N10004,N10010,VN02
H2H_18981_87_93,18981,N20252026F,87,93,away,8,389.0,0,0,0,0,0,50.0,2026-01-12T23:36:36.398533,N10004,N10010,VN02
H2H_18981_9_24,18981,N20252026F,9,24,away,12,356.0,0,0,0,0,0,50.0,2026-01-12T23:36:36.398533,N10004,N10010,VN02
H2H_18981_9_42,18981,N20252026F,9,42,away,15,420.0,0,0,0,0,0,50.0,2026-01-12T23:36:36.398533,N10004,N10010,VN02
H2H_18981_9_91,18981,N20252026F,9,91,away,9,321.0,0,0,0,0,0,50.0,2026-01-12T23:36:36.398533,N10004,N10010,VN02
H2H_18981_9_93,18981,N20252026F,9,93,away,14,357.99,0,0,0,0,0,50.0,2026-01-12T23:36:36.398533,N10004,N10010,VN02
H2H_18981_52_84,18981,N20252026F,52,84,away,9,312.99,0,0,0,0,0,50.0,2026-01-12T23:36:36.398533,N10004,N10010,VN02
H2H_18981_22_93,18981,N20252026F,22,93,away,5,249.0,0,0,0,0,0,50.0,2026-01-12T23:36:36.398533,N10004,N10010,VN02
H2H_18981_49_70,18981,N20252026F,49,70,away,2,114.99,0,0,0,0,0,50.0,2026-01-12T23:36:36.398533,N10004,N10010,VN02
H2H_18981_49_93,18981,N20252026F,49,93,away,17,562.99,0,0,0,0,0,50.0,2026-01-12T23:36:36.398533,N10004,N10010,VN02
H2H_18981_42_49,18981,N20252026F,42,49,away,5,154.99,0,0,0,0,0,50.0,2026-01-12T23:36:36.398533,N10004,N10010,VN02
H2H_18981_24_49,18981,N20252026F,24,49,away,6,51.0,0,0,0,0,0,50.0,2026-01-12T23:36:36.398533,N10004,N10010,VN02
H2H_18981_49_91,18981,N20252026F,49,91,away,4,39.0,0,0,0,0,0,50.0,2026-01-12T23:36:36.398533,N10004,N10010,VN02
H2H_18981_14_22,18981,N20252026F,14,22,away,4,79.0,0,0,0,0,0,50.0,2026-01-12T23:36:36.398533,N10004,N10010,VN02
H2H_18981_22_61,18981,N20252026F,22,61,away,3,74.0,0,0,0,0,0,50.0,2026-01-12T23:36:36.398533,N10004,N10010,VN02
H2H_18981_9_75,18981,N20252026F,9,75,away,5,197.0,0,0,0,0,0,50.0,2026-01-12T23:36:36.398533,N10004,N10010,VN02
H2H_18981_9_70,18981,N20252026F,9,70,away,5,200.0,0,0,0,0,0,50.0,2026-01-12T23:36:36.398533,N10004,N10010,VN02
H2H_18981_22_24,18981,N20252026F,22,24,away,4,153.0,0,0,0,0,0,50.0,2026-01-12T23:36:36.398533,N10004,N10010,VN02
H2H_18981_22_42,18981,N20252026F,22,42,away,4,220.99,0,0,0,0,0,50.0,2026-01-12T23:36:36.398533,N10004,N10010,VN02
H2H_18981_14_24,18981,N20252026F,14,24,away,6,76.0,0,0,0,0,0,50.0,2026-01-12T23:36:36.398533,N10004,N10010,VN02
H2H_18981_14_93,18981,N20252026F,14,93,away,16,448.99,0,0,0,0,0,50.0,2026-01-12T23:36:36.398533,N10004,N10010,VN02
H2H_18981_61_93,18981,N20252026F,61,93,away,11,377.99,0,0,0,0,0,50.0,2026-01-12T23:36:36.398533,N10004,N10010,VN02
H2H_18981_14_42,18981,N20252026F,14,42,away,4,64.0,0,0,0,0,0,50.0,2026-01-12T23:36:36.398533,N10004,N10010,VN02
H2H_18981_9_22,18981,N20252026F,9,22,away,2,28.0,0,0,0,0,0,50.0,2026-01-12T23:36:36.398533,N10004,N10010,VN02
H2H_18981_14_87,18981,N20252026F,14,87,away,1,9.0,0,0,0,0,0,50.0,2026-01-12T23:36:36.398533,N10004,N10010,VN02
H2H_18981_42_70,18981,N20252026F,42,70,away,2,79.99000000000001,0,0,0,0,0,50.0,2026-01-12T23:36:36.398533,N10004,N10010,VN02
H2H_18981_42_75,18981,N20252026F,42,75,away,2,79.99000000000001,0,0,0,0,0,50.0,2026-01-12T23:36:36.398533,N10004,N10010,VN02
H2H_18981_42_87,18981,N20252026F,42,87,away,1,34.0,0,0,0,0,0,50.0,2026-01-12T23:36:36.398533,N10004,N10010,VN02
H2H_18987_4_13,18987,N20252026F,4,13,home,12,283.99,0,0,0,0,0,50.0,2026-01-12T23:36:36.398533,N10007,N10010,VN01
H2H_18987_4_25,18987,N20252026F,4,25,home,46,1722.99,0,0,0,0,0,50.0,2026-01-12T23:36:36.398533,N10007,N10010,VN01
H2H_18987_4_30,18987,N20252026F,4,30,home,58,1848.99,0,0,0,0,0,50.0,2026-01-12T23:36:36.398533,N10007,N10010,VN01
H2H_18987_4_68,18987,N20252026F,4,68,home,14,343.99,0,0,0,0,0,50.0,2026-01-12T23:36:36.398533,N10007,N10010,VN01
H2H_18987_4_77,18987,N20252026F,4,77,home,20,483.99,0,0,0,0,0,50.0,2026-01-12T23:36:36.398533,N10007,N10010,VN01
H2H_18987_13_25,18987,N20252026F,13,25,home,11,271.99,0,0,0,0,0,50.0,2026-01-12T23:36:36.398533,N10007,N10010,VN01
H2H_18987_13_30,18987,N20252026F,13,30,home,39,1104.99,0,0,0,0,0,50.0,2026-01-12T23:36:36.398533,N10007,N10010,VN01
H2H_18987_13_68,18987,N20252026F,13,68,home,34,1058.99,0,0,0,0,0,50.0,2026-01-12T23:36:36.398533,N10007,N10010,VN01
H2H_18987_13_77,18987,N20252026F,13,77,home,33,1055.99,0,0,0,0,0,50.0,2026-01-12T23:36:36.398533,N10007,N10010,VN01
H2H_18987_25_30,18987,N20252026F,25,30,home,47,1726.99,0,0,0,0,0,50.0,2026-01-12T23:36:36.398533,N10007,N10010,VN01
H2H_18987_25_68,18987,N20252026F,25,68,home,12,322.99,0,0,0,0,0,50.0,2026-01-12T23:36:36.398533,N10007,N10010,VN01
H2H_18987_25_77,18987,N20252026F,25,77,home,16,440.99,0,0,0,0,0,50.0,2026-01-12T23:36:36.398533,N10007,N10010,VN01
H2H_18987_30_68,18987,N20252026F,30,68,home,44,1213.98,0,0,0,0,0,50.0,2026-01-12T23:36:36.398533,N10007,N10010,VN01
H2H_18987_30_77,18987,N20252026F,30,77,home,48,1399.98,0,0,0,0,0,50.0,2026-01-12T23:36:36.398533,N10007,N10010,VN01
H2H_18987_68_77,18987,N20252026F,68,77,home,38,1164.98,0,0,0,0,0,50.0,2026-01-12T23:36:36.398533,N10007,N10010,VN01
H2H_18987_13_44,18987,N20252026F,13,44,home,27,821.0,0,0,0,0,0,50.0,2026-01-12T23:36:36.398533,N10007,N10010,VN01
H2H_18987_25_44,18987,N20252026F,25,44,home,1,4.0,0,0,0,0,0,50.0,2026-01-12T23:36:36.398533,N10007,N10010,VN01
H2H_18987_30_44,18987,N20252026F,30,44,home,49,1383.99,0,0,0,0,0,50.0,2026-01-12T23:36:36.398533,N10007,N10010,VN01
H2H_18987_44_68,18987,N20252026F,44,68,home,31,872.99,0,0,0,0,0,50.0,2026-01-12T23:36:36.398533,N10007,N10010,VN01
H2H_18987_44_77,18987,N20252026F,44,77,home,31,978.98,0,0,0,0,0,50.0,2026-01-12T23:36:36.398533,N10007,N10010,VN01
H2H_18987_3_13,18987,N20252026F,3,13,home,5,38.0,0,0,0,0,0,50.0,2026-01-12T23:36:36.398533,N10007,N10010,VN01
H2H_18987_3_18,18987,N20252026F,3,18,home,17,315.99,0,0,0,0,0,50.0,2026-01-12T23:36:36.398533,N10007,N10010,VN01
H2H_18987_3_30,18987,N20252026F,3,30,home,29,976.0,0,0,0,0,0,50.0,2026-01-12T23:36:36.398533,N10007,N10010,VN01
H2H_18987_3_44,18987,N20252026F,3,44,home,13,287.99,0,0,0,0,0,50.0,2026-01-12T23:36:36.398533,N10007,N10010,VN01
H2H_18987_3_68,18987,N20252026F,3,68,home,5,43.0,0,0,0,0,0,50.0,2026-01-12T23:36:36.398533,N10007,N10010,VN01
H2H_18987_13_18,18987,N20252026F,13,18,home,28,833.0,0,0,0,0,0,50.0,2026-01-12T23:36:36.398533,N10007,N10010,VN01
H2H_18987_18_30,18987,N20252026F,18,30,home,52,1421.99,0,0,0,0,0,50.0,2026-01-12T23:36:36.398533,N10007,N10010,VN01
H2H_18987_18_44,18987,N20252026F,18,44,home,45,1386.98,0,0,0,0,0,50.0,2026-01-12T23:36:36.398533,N10007,N10010,VN01
H2H_18987_18_68,18987,N20252026F,18,68,home,31,887.99,0,0,0,0,0,50.0,2026-01-12T23:36:36.398533,N10007,N10010,VN01
H2H_18987_3_56,18987,N20252026F,3,56,home,23,966.99,0,0,0,0,0,50.0,2026-01-12T23:36:36.398533,N10007,N10010,VN01
H2H_18987_18_56,18987,N20252026F,18,56,home,16,380.99,0,0,0,0,0,50.0,2026-01-12T23:36:36.398533,N10007,N10010,VN01
H2H_18987_30_56,18987,N20252026F,30,56,home,31,1143.0,0,0,0,0,0,50.0,2026-01-12T23:36:36.398533,N10007,N10010,VN01
H2H_18987_44_56,18987,N20252026F,44,56,home,12,354.99,0,0,0,0,0,50.0,2026-01-12T23:36:36.398533,N10007,N10010,VN01
H2H_18987_56_68,18987,N20252026F,56,68,home,1,9.0,0,0,0,0,0,50.0,2026-01-12T23:36:36.398533,N10007,N10010,VN01
H2H_18987_3_12,18987,N20252026F,3,12,home,23,964.99,0,0,0,0,0,50.0,2026-01-12T23:36:36.398533,N10007,N10010,VN01
H2H_18987_12_18,18987,N20252026F,12,18,home,13,329.99,0,0,0,0,0,50.0,2026-01-12T23:36:36.398533,N10007,N10010,VN01
H2H_18987_12_30,18987,N20252026F,12,30,home,30,1132.0,0,0,0,0,0,50.0,2026-01-12T23:36:36.398533,N10007,N10010,VN01
H2H_18987_12_44,18987,N20252026F,12,44,home,10,307.99,0,0,0,0,0,50.0,2026-01-12T23:36:36.398533,N10007,N10010,VN01
H2H_18987_12_56,18987,N20252026F,12,56,home,25,1100.99,0,0,0,0,0,50.0,2026-01-12T23:36:36.398533,N10007,N10010,VN01
H2H_18987_12_91,18987,N20252026F,12,91,home,3,104.0,0,0,0,0,0,50.0,2026-01-12T23:36:36.398533,N10007,N10010,VN01
H2H_18987_18_91,18987,N20252026F,18,91,home,6,210.0,0,0,0,0,0,50.0,2026-01-12T23:36:36.398533,N10007,N10010,VN01
H2H_18987_30_91,18987,N20252026F,30,91,home,22,682.0,0,0,0,0,0,50.0,2026-01-12T23:36:36.398533,N10007,N10010,VN01
H2H_18987_44_91,18987,N20252026F,44,91,home,6,198.0,0,0,0,0,0,50.0,2026-01-12T23:36:36.398533,N10007,N10010,VN01
H2H_18987_56_91,18987,N20252026F,56,91,home,4,108.0,0,0,0,0,0,50.0,2026-01-12T23:36:36.398533,N10007,N10010,VN01
H2H_18987_18_89,18987,N20252026F,18,89,home,8,244.0,0,0,0,0,0,50.0,2026-01-12T23:36:36.398533,N10007,N10010,VN01
H2H_18987_30_89,18987,N20252026F,30,89,home,32,900.0,0,0,0,0,0,50.0,2026-01-12T23:36:36.398533,N10007,N10010,VN01
H2H_18987_44_89,18987,N20252026F,44,89,home,9,247.0,0,0,0,0,0,50.0,2026-01-12T23:36:36.398533,N10007,N10010,VN01
H2H_18987_56_89,18987,N20252026F,56,89,home,3,57.0,0,0,0,0,0,50.0,2026-01-12T23:36:36.398533,N10007,N10010,VN01
H2H_18987_89_91,18987,N20252026F,89,91,home,20,625.0,0,0,0,0,0,50.0,2026-01-12T23:36:36.398533,N10007,N10010,VN01
H2H_18987_4_56,18987,N20252026F,4,56,home,20,837.0,0,0,0,0,0,50.0,2026-01-12T23:36:36.398533,N10007,N10010,VN01
H2H_18987_4_89,18987,N20252026F,4,89,home,26,692.0,0,0,0,0,0,50.0,2026-01-12T23:36:36.398533,N10007,N10010,VN01
H2H_18987_4_91,18987,N20252026F,4,91,home,17,495.0,0,0,0,0,0,50.0,2026-01-12T23:36:36.398533,N10007,N10010,VN01
H2H_18987_25_56,18987,N20252026F,25,56,home,16,811.0,0,0,0,0,0,50.0,2026-01-12T23:36:36.398533,N10007,N10010,VN01
H2H_18987_25_89,18987,N20252026F,25,89,home,21,617.0,0,0,0,0,0,50.0,2026-01-12T23:36:36.398533,N10007,N10010,VN01
H2H_18987_25_91,18987,N20252026F,25,91,home,15,461.0,0,0,0,0,0,50.0,2026-01-12T23:36:36.398533,N10007,N10010,VN01
H2H_18987_4_80,18987,N20252026F,4,80,home,23,668.0,0,0,0,0,0,50.0,2026-01-12T23:36:36.398533,N10007,N10010,VN01
H2H_18987_25_80,18987,N20252026F,25,80,home,16,580.0,0,0,0,0,0,50.0,2026-01-12T23:36:36.398533,N10007,N10010,VN01
H2H_18987_30_80,18987,N20252026F,30,80,home,30,887.99,0,0,0,0,0,50.0,2026-01-12T23:36:36.398533,N10007,N10010,VN01
H2H_18987_77_80,18987,N20252026F,77,80,home,11,250.99,0,0,0,0,0,50.0,2026-01-12T23:36:36.398533,N10007,N10010,VN01
H2H_18987_77_89,18987,N20252026F,77,89,home,6,137.0,0,0,0,0,0,50.0,2026-01-12T23:36:36.398533,N10007,N10010,VN01
H2H_18987_80_89,18987,N20252026F,80,89,home,23,758.0,0,0,0,0,0,50.0,2026-01-12T23:36:36.398533,N10007,N10010,VN01
H2H_18987_68_80,18987,N20252026F,68,80,home,7,129.99,0,0,0,0,0,50.0,2026-01-12T23:36:36.398533,N10007,N10010,VN01
H2H_18987_18_77,18987,N20252026F,18,77,home,31,993.98,0,0,0,0,0,50.0,2026-01-12T23:36:36.398533,N10007,N10010,VN01
H2H_18987_13_56,18987,N20252026F,13,56,home,3,25.0,0,0,0,0,0,50.0,2026-01-12T23:36:36.398533,N10007,N10010,VN01
H2H_18987_56_77,18987,N20252026F,56,77,home,5,146.99,0,0,0,0,0,50.0,2026-01-12T23:36:36.398533,N10007,N10010,VN01
H2H_18987_3_4,18987,N20252026F,3,4,home,17,737.0,0,0,0,0,0,50.0,2026-01-12T23:36:36.398533,N10007,N10010,VN01
H2H_18987_4_12,18987,N20252026F,4,12,home,21,873.0,0,0,0,0,0,50.0,2026-01-12T23:36:36.398533,N10007,N10010,VN01
H2H_18987_4_18,18987,N20252026F,4,18,home,8,84.0,0,0,0,0,0,50.0,2026-01-12T23:36:36.398533,N10007,N10010,VN01
H2H_18987_3_80,18987,N20252026F,3,80,home,1,13.0,0,0,0,0,0,50.0,2026-01-12T23:36:36.398533,N10007,N10010,VN01
H2H_18987_3_89,18987,N20252026F,3,89,home,3,24.0,0,0,0,0,0,50.0,2026-01-12T23:36:36.398533,N10007,N10010,VN01
H2H_18987_18_80,18987,N20252026F,18,80,home,10,265.99,0,0,0,0,0,50.0,2026-01-12T23:36:36.398533,N10007,N10010,VN01
H2H_18987_80_91,18987,N20252026F,80,91,home,15,510.0,0,0,0,0,0,50.0,2026-01-12T23:36:36.398533,N10007,N10010,VN01
H2H_18987_13_89,18987,N20252026F,13,89,home,2,21.0,0,0,0,0,0,50.0,2026-01-12T23:36:36.398533,N10007,N10010,VN01
H2H_18987_13_91,18987,N20252026F,13,91,home,1,11.0,0,0,0,0,0,50.0,2026-01-12T23:36:36.398533,N10007,N10010,VN01
H2H_18987_12_68,18987,N20252026F,12,68,home,2,16.0,0,0,0,0,0,50.0,2026-01-12T23:36:36.398533,N10007,N10010,VN01
H2H_18987_3_25,18987,N20252026F,3,25,home,13,709.0,0,0,0,0,0,50.0,2026-01-12T23:36:36.398533,N10007,N10010,VN01
H2H_18987_12_25,18987,N20252026F,12,25,home,18,851.0,0,0,0,0,0,50.0,2026-01-12T23:36:36.398533,N10007,N10010,VN01
H2H_18987_68_91,18987,N20252026F,68,91,home,1,6.0,0,0,0,0,0,50.0,2026-01-12T23:36:36.398533,N10007,N10010,VN01
H2H_18987_4_90,18987,N20252026F,4,90,home,4,133.0,0,0,0,0,0,50.0,2026-01-12T23:36:36.398533,N10007,N10010,VN01
H2H_18987_12_90,18987,N20252026F,12,90,home,1,19.0,0,0,0,0,0,50.0,2026-01-12T23:36:36.398533,N10007,N10010,VN01
H2H_18987_25_90,18987,N20252026F,25,90,home,3,116.0,0,0,0,0,0,50.0,2026-01-12T23:36:36.398533,N10007,N10010,VN01
H2H_18987_30_90,18987,N20252026F,30,90,home,4,133.0,0,0,0,0,0,50.0,2026-01-12T23:36:36.398533,N10007,N10010,VN01
H2H_18987_56_90,18987,N20252026F,56,90,home,1,19.0,0,0,0,0,0,50.0,2026-01-12T23:36:36.398533,N10007,N10010,VN01
H2H_18987_80_90,18987,N20252026F,80,90,home,3,114.0,0,0,0,0,0,50.0,2026-01-12T23:36:36.398533,N10007,N10010,VN01
H2H_18987_89_90,18987,N20252026F,89,90,home,3,114.0,0,0,0,0,0,50.0,2026-01-12T23:36:36.398533,N10007,N10010,VN01
H2H_18987_4_44,18987,N20252026F,4,44,home,4,42.0,0,0,0,0,0,50.0,2026-01-12T23:36:36.398533,N10007,N10010,VN01
H2H_18987_44_80,18987,N20252026F,44,80,home,11,261.99,0,0,0,0,0,50.0,2026-01-12T23:36:36.398533,N10007,N10010,VN01
H2H_18987_44_90,18987,N20252026F,44,90,home,1,17.0,0,0,0,0,0,50.0,2026-01-12T23:36:36.398533,N10007,N10010,VN01
H2H_18987_12_89,18987,N20252026F,12,89,home,4,64.0,0,0,0,0,0,50.0,2026-01-12T23:36:36.398533,N10007,N10010,VN01
H2H_18987_12_77,18987,N20252026F,12,77,home,5,141.99,0,0,0,0,0,50.0,2026-01-12T23:36:36.398533,N10007,N10010,VN01
H2H_18987_3_77,18987,N20252026F,3,77,home,1,48.99,0,0,0,0,0,50.0,2026-01-12T23:36:36.398533,N10007,N10010,VN01
H2H_18987_9_14,18987,N20252026F,9,14,away,21,732.99,0,0,0,0,0,50.0,2026-01-12T23:36:36.398533,N10007,N10010,VN02
H2H_18987_9_39,18987,N20252026F,9,39,away,43,1505.99,0,0,0,0,0,50.0,2026-01-12T23:36:36.398533,N10007,N10010,VN02
H2H_18987_9_70,18987,N20252026F,9,70,away,24,929.0,0,0,0,0,0,50.0,2026-01-12T23:36:36.398533,N10007,N10010,VN02
H2H_18987_9_75,18987,N20252026F,9,75,away,10,487.0,0,0,0,0,0,50.0,2026-01-12T23:36:36.398533,N10007,N10010,VN02
H2H_18987_9_91,18987,N20252026F,9,91,away,14,411.0,0,0,0,0,0,50.0,2026-01-12T23:36:36.398533,N10007,N10010,VN02
H2H_18987_14_39,18987,N20252026F,14,39,away,35,1201.99,0,0,0,0,0,50.0,2026-01-12T23:36:36.398533,N10007,N10010,VN02
H2H_18987_14_70,18987,N20252026F,14,70,away,15,584.0,0,0,0,0,0,50.0,2026-01-12T23:36:36.398533,N10007,N10010,VN02
H2H_18987_14_75,18987,N20252026F,14,75,away,8,292.0,0,0,0,0,0,50.0,2026-01-12T23:36:36.398533,N10007,N10010,VN02
H2H_18987_14_91,18987,N20252026F,14,91,away,19,721.0,0,0,0,0,0,50.0,2026-01-12T23:36:36.398533,N10007,N10010,VN02
H2H_18987_39_70,18987,N20252026F,39,70,away,49,1690.0,0,0,0,0,0,50.0,2026-01-12T23:36:36.398533,N10007,N10010,VN02
H2H_18987_39_75,18987,N20252026F,39,75,away,27,959.0,0,0,0,0,0,50.0,2026-01-12T23:36:36.398533,N10007,N10010,VN02
H2H_18987_39_91,18987,N20252026F,39,91,away,58,1685.98,0,0,0,0,0,50.0,2026-01-12T23:36:36.398533,N10007,N10010,VN02
H2H_18987_70_75,18987,N20252026F,70,75,away,17,772.0,0,0,0,0,0,50.0,2026-01-12T23:36:36.398533,N10007,N10010,VN02
H2H_18987_70_91,18987,N20252026F,70,91,away,24,828.0,0,0,0,0,0,50.0,2026-01-12T23:36:36.398533,N10007,N10010,VN02
H2H_18987_75_91,18987,N20252026F,75,91,away,20,580.0,0,0,0,0,0,50.0,2026-01-12T23:36:36.398533,N10007,N10010,VN02
H2H_18987_22_39,18987,N20252026F,22,39,away,56,1757.98,0,0,0,0,0,50.0,2026-01-12T23:36:36.398533,N10007,N10010,VN02
H2H_18987_22_42,18987,N20252026F,22,42,away,30,892.98,0,0,0,0,0,50.0,2026-01-12T23:36:36.398533,N10007,N10010,VN02
H2H_18987_22_55,18987,N20252026F,22,55,away,19,456.99,0,0,0,0,0,50.0,2026-01-12T23:36:36.398533,N10007,N10010,VN02
H2H_18987_22_75,18987,N20252026F,22,75,away,11,429.0,0,0,0,0,0,50.0,2026-01-12T23:36:36.398533,N10007,N10010,VN02
H2H_18987_22_91,18987,N20252026F,22,91,away,16,294.99,0,0,0,0,0,50.0,2026-01-12T23:36:36.398533,N10007,N10010,VN02
H2H_18987_39_42,18987,N20252026F,39,42,away,55,1549.97,0,0,0,0,0,50.0,2026-01-12T23:36:36.398533,N10007,N10010,VN02
H2H_18987_39_55,18987,N20252026F,39,55,away,39,1126.99,0,0,0,0,0,50.0,2026-01-12T23:36:36.398533,N10007,N10010,VN02
H2H_18987_42_55,18987,N20252026F,42,55,away,24,611.99,0,0,0,0,0,50.0,2026-01-12T23:36:36.398533,N10007,N10010,VN02
H2H_18987_42_75,18987,N20252026F,42,75,away,10,187.0,0,0,0,0,0,50.0,2026-01-12T23:36:36.398533,N10007,N10010,VN02
H2H_18987_42_91,18987,N20252026F,42,91,away,34,857.98,0,0,0,0,0,50.0,2026-01-12T23:36:36.398533,N10007,N10010,VN02
H2H_18987_55_75,18987,N20252026F,55,75,away,13,357.0,0,0,0,0,0,50.0,2026-01-12T23:36:36.398533,N10007,N10010,VN02
H2H_18987_55_91,18987,N20252026F,55,91,away,30,874.99,0,0,0,0,0,50.0,2026-01-12T23:36:36.398533,N10007,N10010,VN02
H2H_18987_22_24,18987,N20252026F,22,24,away,28,893.0,0,0,0,0,0,50.0,2026-01-12T23:36:36.398533,N10007,N10010,VN02
H2H_18987_24_39,18987,N20252026F,24,39,away,46,1353.99,0,0,0,0,0,50.0,2026-01-12T23:36:36.398533,N10007,N10010,VN02
H2H_18987_24_42,18987,N20252026F,24,42,away,23,683.99,0,0,0,0,0,50.0,2026-01-12T23:36:36.398533,N10007,N10010,VN02
H2H_18987_24_55,18987,N20252026F,24,55,away,9,189.0,0,0,0,0,0,50.0,2026-01-12T23:36:36.398533,N10007,N10010,VN02
H2H_18987_24_91,18987,N20252026F,24,91,away,17,430.99,0,0,0,0,0,50.0,2026-01-12T23:36:36.398533,N10007,N10010,VN02
H2H_18987_22_84,18987,N20252026F,22,84,away,17,459.0,0,0,0,0,0,50.0,2026-01-12T23:36:36.398533,N10007,N10010,VN02
H2H_18987_24_84,18987,N20252026F,24,84,away,28,800.99,0,0,0,0,0,50.0,2026-01-12T23:36:36.398533,N10007,N10010,VN02
H2H_18987_39_84,18987,N20252026F,39,84,away,52,1569.99,0,0,0,0,0,50.0,2026-01-12T23:36:36.398533,N10007,N10010,VN02
H2H_18987_42_84,18987,N20252026F,42,84,away,27,771.99,0,0,0,0,0,50.0,2026-01-12T23:36:36.398533,N10007,N10010,VN02
H2H_18987_55_84,18987,N20252026F,55,84,away,20,699.0,0,0,0,0,0,50.0,2026-01-12T23:36:36.398533,N10007,N10010,VN02
H2H_18987_22_61,18987,N20252026F,22,61,away,31,910.98,0,0,0,0,0,50.0,2026-01-12T23:36:36.398533,N10007,N10010,VN02
H2H_18987_24_61,18987,N20252026F,24,61,away,21,667.99,0,0,0,0,0,50.0,2026-01-12T23:36:36.398533,N10007,N10010,VN02
H2H_18987_39_61,18987,N20252026F,39,61,away,48,1356.97,0,0,0,0,0,50.0,2026-01-12T23:36:36.398533,N10007,N10010,VN02
H2H_18987_42_61,18987,N20252026F,42,61,away,28,813.97,0,0,0,0,0,50.0,2026-01-12T23:36:36.398533,N10007,N10010,VN02
H2H_18987_61_84,18987,N20252026F,61,84,away,21,506.99,0,0,0,0,0,50.0,2026-01-12T23:36:36.398533,N10007,N10010,VN02
H2H_18987_14_22,18987,N20252026F,14,22,away,19,505.99,0,0,0,0,0,50.0,2026-01-12T23:36:36.398533,N10007,N10010,VN02
H2H_18987_14_42,18987,N20252026F,14,42,away,20,617.99,0,0,0,0,0,50.0,2026-01-12T23:36:36.398533,N10007,N10010,VN02
H2H_18987_14_61,18987,N20252026F,14,61,away,15,430.99,0,0,0,0,0,50.0,2026-01-12T23:36:36.398533,N10007,N10010,VN02
H2H_18987_14_84,18987,N20252026F,14,84,away,11,444.0,0,0,0,0,0,50.0,2026-01-12T23:36:36.398533,N10007,N10010,VN02
H2H_18987_22_70,18987,N20252026F,22,70,away,26,865.0,0,0,0,0,0,50.0,2026-01-12T23:36:36.398533,N10007,N10010,VN02
H2H_18987_61_70,18987,N20252026F,61,70,away,20,543.0,0,0,0,0,0,50.0,2026-01-12T23:36:36.398533,N10007,N10010,VN02
H2H_18987_70_84,18987,N20252026F,70,84,away,25,798.0,0,0,0,0,0,50.0,2026-01-12T23:36:36.398533,N10007,N10010,VN02
H2H_18987_9_61,18987,N20252026F,9,61,away,19,713.99,0,0,0,0,0,50.0,2026-01-12T23:36:36.398533,N10007,N10010,VN02
H2H_18987_61_91,18987,N20252026F,61,91,away,25,581.98,0,0,0,0,0,50.0,2026-01-12T23:36:36.398533,N10007,N10010,VN02
H2H_18987_9_55,18987,N20252026F,9,55,away,9,223.0,0,0,0,0,0,50.0,2026-01-12T23:36:36.398533,N10007,N10010,VN02
H2H_18987_55_70,18987,N20252026F,55,70,away,15,515.0,0,0,0,0,0,50.0,2026-01-12T23:36:36.398533,N10007,N10010,VN02
H2H_18987_9_42,18987,N20252026F,9,42,away,19,576.99,0,0,0,0,0,50.0,2026-01-12T23:36:36.398533,N10007,N10010,VN02
H2H_18987_9_24,18987,N20252026F,9,24,away,20,623.0,0,0,0,0,0,50.0,2026-01-12T23:36:36.398533,N10007,N10010,VN02
H2H_18987_9_84,18987,N20252026F,9,84,away,7,131.0,0,0,0,0,0,50.0,2026-01-12T23:36:36.398533,N10007,N10010,VN02
H2H_18987_24_70,18987,N20252026F,24,70,away,23,670.0,0,0,0,0,0,50.0,2026-01-12T23:36:36.398533,N10007,N10010,VN02
H2H_18987_84_91,18987,N20252026F,84,91,away,29,1019.99,0,0,0,0,0,50.0,2026-01-12T23:36:36.398533,N10007,N10010,VN02
H2H_18987_9_22,18987,N20252026F,9,22,away,23,1003.99,0,0,0,0,0,50.0,2026-01-12T23:36:36.398533,N10007,N10010,VN02
H2H_18987_14_55,18987,N20252026F,14,55,away,8,334.0,0,0,0,0,0,50.0,2026-01-12T23:36:36.398533,N10007,N10010,VN02
H2H_18987_75_84,18987,N20252026F,75,84,away,13,422.0,0,0,0,0,0,50.0,2026-01-12T23:36:36.398533,N10007,N10010,VN02
H2H_18987_24_75,18987,N20252026F,24,75,away,5,184.0,0,0,0,0,0,50.0,2026-01-12T23:36:36.398533,N10007,N10010,VN02
H2H_18987_55_61,18987,N20252026F,55,61,away,8,158.99,0,0,0,0,0,50.0,2026-01-12T23:36:36.398533,N10007,N10010,VN02
H2H_18987_14_24,18987,N20252026F,14,24,away,4,145.0,0,0,0,0,0,50.0,2026-01-12T23:36:36.398533,N10007,N10010,VN02
